AbsImgPulse_duration,COILS_Temp,FluoAnalyser,FluoAnalyser,FluoAnalyser,FluoAnalyser,FluoAnalyser,FluoAnalyser,FluoAnalyser,FluoAnalyser,FluoAnalyser,FluoAnalyser,FluoAnalyser,FluoAnalyser,FluoAnalyser,FluoAnalyser,FluoAnalyser,FluoAnalyser,FluoCoolingPulsing,FluoImaging_duration,FluoImgCooling_Dt,FluoImgPulse_Dt,Free_Frq,Free_Pow,ImagingFluo_Frq,ImagingFluo_Pow,ImagingTweez_Frq,ImagingTweez_Pow,Imaging_Frq,Imaging_Pow,LAC,LAC_Frq,LAC_Pow,LAC_duration,MOT_RED_SF_duration,MOT_RED_duration,MultiRed_central,Objective_distance,Orca_Camera,Orca_Camera,Orca_Camera,Orca_Camera,Orca_Camera,Orca_Camera,Orca_Camera,Orca_Camera,Orca_Camera,Orca_Camera,Orca_Camera,Orca_Camera,Orca_Camera,Orca_Camera,Orca_Camera,Orca_Camera,Orca_Camera,Orca_Camera,Orca_Camera,Orca_Camera,Orca_Camera,Orca_Camera,Orca_Camera,Orca_Camera,Orca_Camera,Orca_Camera,Orca_Camera,Orca_Camera,Orca_Camera,Orca_Camera,Orca_Camera,Orca_Camera,Orca_Camera,Orca_Camera,Orca_Camera,Orca_Camera,Orca_Camera,Orca_Camera,Orca_Camera,Orca_Camera,Orca_Camera,Orca_Camera,Orca_Camera,Orca_Camera,Orca_Camera,Orca_Camera,Orca_Camera,Orca_Camera,Orca_Camera,Orca_Camera,Orca_Camera,Orca_Camera,Orca_Camera,Orca_Camera,Orca_Camera,Orca_Camera,Orca_Camera,Orca_Camera,Orca_Camera,Orca_Camera,Orca_Camera,Orca_Camera,Orca_Camera,Orca_Camera,Orca_Camera,Orca_Camera,Orca_Camera,Orca_Camera,Orca_Camera,Orca_Camera,Orca_Camera,Orca_Camera,Orca_Camera,Orca_Camera,Orca_Camera,Orca_Camera,Orca_Camera,Orca_Camera,Orca_Camera,Orca_Camera,Orca_Camera,Orca_Camera,Orca_Camera,Orca_ROI,QuantizAxis_X_Coils_Current,QuantizAxis_Y_Coils_Current,QuantizAxis_Z_Coils_Current,QuantizAxis_ramp_duration,QuantumAxis,Red_MOT_Frq,Red_MOT_Pow,Red_Multi_Freqdev,ShieldMulti,ShieldSingle,SisyphusImg_Frq,Sisyphus_Frq,Sisyphus_Pow,TOF,Tube_lens_position,TweezerCooling_duration,TweezerLoading_duration,TwoD_DELAY,X_Coils_Current,Y_Coils_Current,Z_Coils_Current,Z_Coils_Current_moved,Zeeman_Power,agnostic_path,beam_imaging,camera_abs,camera_fluo,coils_current_cntrl,coils_current_ctrl_red,dueD_MOT_Frq,dueD_MOT_Pow,filepath,imaging_abs,imaging_fluo,imaging_waveplate_2,imaging_waveplate_4,labscript,loadTime_BlueMOT,mot_blue,mot_red,mot_red_sf,n_loop,n_runs,n_shot,red_multi_pow,red_multi_step,run number,run repeat,run time,sequence,sequence_index,spectroscopy_red_ramp,stop_buffering_time,table_red,treD_MOT_Frq,treD_MOT_Pow,tweezers
,,atom_in_tweezer_1,atom_in_tweezer_2,atom_in_tweezer_3,max_tweezer_1,max_tweezer_2,max_tweezer_3,mean_tweezer_1,mean_tweezer_2,mean_tweezer_3,photo_background,photon_tweezer_1,photon_tweezer_2,photon_tweezer_3,variance_tweezer_1,variance_tweezer_2,variance_tweezer_3,,,,,,,,,,,,,,,,,,,,,BINNING,BIT PER CHANNEL,BUFFER FRAMEBYTES,BUFFER PIXEL TYPE,BUFFER ROWBYTES,BUFFER TOP OFFSET BYTES,CAPTURE MODE,COLORTYPE,CONVERSION FACTOR COEFF,CONVERSION FACTOR OFFSET,DEFECT CORRECT MODE,EXPOSURE TIME,FRAME STAMP PRODUCER,FRAMEBUNDLE FRAME STEP BYTES,FRAMEBUNDLE MODE,FRAMEBUNDLE NUMBER,FRAMEBUNDLE ROWBYTES,HOT PIXEL CORRECT LEVEL,IMAGE CAMERA STAMP,IMAGE DETECTOR PIXEL HEIGHT,IMAGE DETECTOR PIXEL NUM HORZ,IMAGE DETECTOR PIXEL NUM VERT,IMAGE DETECTOR PIXEL WIDTH,IMAGE FRAMEBYTES,IMAGE HEIGHT,IMAGE PIXEL TYPE,IMAGE ROWBYTES,IMAGE TOP OFFSET BYTES,IMAGE WIDTH,INTENSITY LUT MODE,INTENSITY LUT PAGE,INTERNAL FRAME INTERVAL,INTERNAL FRAME RATE,INTERNAL LINE INTERVAL,INTERNAL LINE SPEED,MASTER PULSE BURST TIMES,MASTER PULSE INTERVAL,MASTER PULSE MODE,MASTER PULSE TRIGGER SOURCE,NUMBER OF OUTPUT TRIGGER CONNECTOR,OUTPUT TRIGGER ACTIVE[0],OUTPUT TRIGGER DELAY[0],OUTPUT TRIGGER KIND[0],OUTPUT TRIGGER PERIOD[0],OUTPUT TRIGGER POLARITY[0],OUTPUT TRIGGER PRE HSYNC COUNT,OUTPUT TRIGGER SOURCE[0],READOUT DIRECTION,READOUT SPEED,RECORD FIXED BYTES PER FILE,RECORD FIXED BYTES PER FRAME,RECORD FIXED BYTES PER SESSION,SENSOR COOLER STATUS,SENSOR MODE,SENSOR TEMPERATURE,SUBARRAY HPOS,SUBARRAY HSIZE,SUBARRAY MODE,SUBARRAY VPOS,SUBARRAY VSIZE,SYSTEM ALIVE,TIME STAMP PRODUCER,TIMING CYCLIC TRIGGER PERIOD,TIMING EXPOSURE,TIMING GLOBAL EXPOSURE DELAY,TIMING INVALID EXPOSURE PERIOD,TIMING MIN TRIGGER BLANKING,TIMING MIN TRIGGER INTERVAL,TIMING READOUT TIME,TRIGGER ACTIVE,TRIGGER CONNECTOR,TRIGGER DELAY,TRIGGER GLOBAL EXPOSURE,TRIGGER MODE,TRIGGER POLARITY,TRIGGER SOURCE,TRIGGER TIMES,TweezFluo,TweezFluo,TweezFluo,TweezFluo,camera,failed_shot,,,,,,,,,,,,,,,,,,,,,,,,,,,,,,,,,,,,,,,,,,,,,,,,,,,,,,,,,,
,,,,,,,,,,,,,,,,,,,,,,,,,,,,,,,,,,,,,,,,,,,,,,,,,,,,,,,,,,,,,,,,,,,,,,,,,,,,,,,,,,,,,,,,,,,,,,,,,,,,,,,,,,,,,,,,,,,frame,frame,frame,frame,,,,,,,,,,,,,,,,,,,,,,,,,,,,,,,,,,,,,,,,,,,,,,,,,,,,,,,,,,,,
,,,,,,,,,,,,,,,,,,,,,,,,,,,,,,,,,,,,,,,,,,,,,,,,,,,,,,,,,,,,,,,,,,,,,,,,,,,,,,,,,,,,,,,,,,,,,,,,,,,,,,,,,,,,,,,,,,,CLASS,IMAGE_SUBCLASS,IMAGE_VERSION,IMAGE_WHITE_IS_ZERO,,,,,,,,,,,,,,,,,,,,,,,,,,,,,,,,,,,,,,,,,,,,,,,,,,,,,,,,,,,,
60,19.7,0,0,0,17.0,21.0,19.0,2.09375,1.859375,1.0625,9.9,13.4,11.9,6.8,27.55371,27.4646,25.152344,False,10.0,1,0.5,80,28,108,10.0,114,29,114,28,False,73.9,25,100,100,300,73.02,100.1,1.0,16.0,20000.0,2.0,200.0,0.0,1.0,1.0,0.11,200.0,2.0,0.010000799999999999,5.0,20000.0,1.0,2.0,200.0,1.0,0.0,4.6000000000000005,4096.0,2304.0,4.6000000000000005,20000.0,100.0,2.0,200.0,0.0,100.0,1.0,1.0,0.0104184,95.98402825769793,7.2e-06,0.638888888888889,1.0,0.1,1.0,1.0,3.0,1.0,0.0,2.0,0.0009999999999999998,2.0,0.0,2.0,1.0,2.0,256.0,51248.0,916.0,2.0,1.0,-20.0,2308.0,100.0,2.0,792.0,100.0,2.0,5.0,0.0,3.0,0.0004104,2.88e-05,0.0,0.010432799999999999,0.00042479999999999997,1.0,2.0,0.0,3.0,1.0,2.0,2.0,1.0,b'IMAGE',b'IMAGE_GRAYSCALE',b'1.2',0,Orca_Camera,False,tweez,0.09,1.5,0.432,15,True,74.94,24,110,True,False,73.7,74.6,20,0.5,10,40,10,10,0.09,0.377,0.43,0.9,35,Z:\Experiments\Sr\Selection_experiment\2024\10\23\0043\2024-10-23_0043_Selection_experiment_000.h5,abs,basler_abs,orca,2.5,0.1,209,28,F:\Experiments\Sr\Selection_experiment\2024\10\23\0043\2024-10-23_0043_Selection_experiment_000.h5,False,True,340,340,Selection_experiment.py,150,True,True,True,1,189,1.0,26.5,30,0,0,2024-10-23 18:58:07.323103+02:00,2024-10-23 18:58:06+02:00,43,75.455,100,True,170,28,True
60,19.7,0,0,0,18.0,17.0,27.0,2.703125,2.734375,2.625,22.2,17.3,17.5,16.8,24.20874,31.445068,34.234375,False,60.0,1,0.5,80,28,108,10.0,114,29,114,28,False,73.9,25,100,100,300,73.02,100.1,1.0,16.0,20000.0,2.0,200.0,0.0,1.0,1.0,0.11,200.0,2.0,0.0600048,5.0,20000.0,1.0,2.0,200.0,1.0,0.0,4.6000000000000005,4096.0,2304.0,4.6000000000000005,20000.0,100.0,2.0,200.0,0.0,100.0,1.0,1.0,0.060422399999999994,16.550153585425274,7.2e-06,0.638888888888889,1.0,0.1,1.0,1.0,3.0,1.0,0.0,2.0,0.0009999999999999998,2.0,0.0,2.0,1.0,2.0,256.0,51248.0,916.0,2.0,1.0,-20.0,2308.0,100.0,2.0,792.0,100.0,2.0,5.0,0.0,3.0,0.0004104,2.88e-05,0.0,0.06043679999999999,0.00042479999999999997,1.0,2.0,0.0,3.0,1.0,2.0,2.0,1.0,b'IMAGE',b'IMAGE_GRAYSCALE',b'1.2',0,Orca_Camera,False,tweez,0.09,1.5,0.432,15,True,74.94,24,110,True,False,73.7,74.6,20,0.5,10,40,10,10,0.09,0.377,0.43,0.9,35,Z:\Experiments\Sr\Selection_experiment\2024\10\23\0043\2024-10-23_0043_Selection_experiment_001.h5,abs,basler_abs,orca,2.5,0.1,209,28,F:\Experiments\Sr\Selection_experiment\2024\10\23\0043\2024-10-23_0043_Selection_experiment_001.h5,False,True,340,340,Selection_experiment.py,150,True,True,True,1,189,1.0,26.5,30,1,0,2024-10-23 18:58:09.808470+02:00,2024-10-23 18:58:06+02:00,43,75.455,100,True,170,28,True
60,19.7,0,0,0,29.0,24.0,25.0,3.859375,3.3125,2.90625,33.6,24.7,21.2,18.6,42.55835,36.402344,53.49121,False,110.0,1,0.5,80,28,108,10.0,114,29,114,28,False,73.9,25,100,100,300,73.02,100.1,1.0,16.0,20000.0,2.0,200.0,0.0,1.0,1.0,0.11,200.0,2.0,0.11000159999999999,5.0,20000.0,1.0,2.0,200.0,1.0,0.0,4.6000000000000005,4096.0,2304.0,4.6000000000000005,20000.0,100.0,2.0,200.0,0.0,100.0,1.0,1.0,0.1104192,9.056395989103345,7.2e-06,0.638888888888889,1.0,0.1,1.0,1.0,3.0,1.0,0.0,2.0,0.0009999999999999998,2.0,0.0,2.0,1.0,2.0,256.0,51248.0,916.0,2.0,1.0,-20.0,2308.0,100.0,2.0,792.0,100.0,2.0,5.0,0.0,3.0,0.0004104,2.88e-05,0.0,0.11043359999999999,0.00042479999999999997,1.0,2.0,0.0,3.0,1.0,2.0,2.0,1.0,b'IMAGE',b'IMAGE_GRAYSCALE',b'1.2',0,Orca_Camera,False,tweez,0.09,1.5,0.432,15,True,74.94,24,110,True,False,73.7,74.6,20,0.5,10,40,10,10,0.09,0.377,0.43,0.9,35,Z:\Experiments\Sr\Selection_experiment\2024\10\23\0043\2024-10-23_0043_Selection_experiment_002.h5,abs,basler_abs,orca,2.5,0.1,209,28,F:\Experiments\Sr\Selection_experiment\2024\10\23\0043\2024-10-23_0043_Selection_experiment_002.h5,False,True,340,340,Selection_experiment.py,150,True,True,True,1,189,1.0,26.5,30,2,0,2024-10-23 18:58:12.330041+02:00,2024-10-23 18:58:06+02:00,43,75.455,100,True,170,28,True
60,19.7,0,0,0,26.0,24.0,22.0,4.8125,4.90625,2.671875,27.3,30.8,31.4,17.1,60.996094,53.58496,30.314209,False,160.0,1,0.5,80,28,108,10.0,114,29,114,28,False,73.9,25,100,100,300,73.02,100.1,1.0,16.0,20000.0,2.0,200.0,0.0,1.0,1.0,0.11,200.0,2.0,0.1600056,5.0,20000.0,1.0,2.0,200.0,1.0,0.0,4.6000000000000005,4096.0,2304.0,4.6000000000000005,20000.0,100.0,2.0,200.0,0.0,100.0,1.0,1.0,0.1604232,6.233512359808308,7.2e-06,0.638888888888889,1.0,0.1,1.0,1.0,3.0,1.0,0.0,2.0,0.0009999999999999998,2.0,0.0,2.0,1.0,2.0,256.0,51248.0,916.0,2.0,1.0,-20.0,2308.0,100.0,2.0,792.0,100.0,2.0,5.0,0.0,3.0,0.0004104,2.88e-05,0.0,0.16043759999999999,0.00042479999999999997,1.0,2.0,0.0,3.0,1.0,2.0,2.0,1.0,b'IMAGE',b'IMAGE_GRAYSCALE',b'1.2',0,Orca_Camera,False,tweez,0.09,1.5,0.432,15,True,74.94,24,110,True,False,73.7,74.6,20,0.5,10,40,10,10,0.09,0.377,0.43,0.9,35,Z:\Experiments\Sr\Selection_experiment\2024\10\23\0043\2024-10-23_0043_Selection_experiment_003.h5,abs,basler_abs,orca,2.5,0.1,209,28,F:\Experiments\Sr\Selection_experiment\2024\10\23\0043\2024-10-23_0043_Selection_experiment_003.h5,False,True,340,340,Selection_experiment.py,150,True,True,True,1,189,1.0,26.5,30,3,0,2024-10-23 18:58:14.860776+02:00,2024-10-23 18:58:06+02:00,43,75.455,100,True,170,28,True
60,19.7,0,0,0,32.0,30.0,27.0,4.453125,5.1875,4.453125,32.7,28.5,33.2,28.5,55.654053,59.339844,53.872803,False,210.0,1,0.5,80,28,108,10.0,114,29,114,28,False,73.9,25,100,100,300,73.02,100.1,1.0,16.0,20000.0,2.0,200.0,0.0,1.0,1.0,0.11,200.0,2.0,0.21000239999999998,5.0,20000.0,1.0,2.0,200.0,1.0,0.0,4.6000000000000005,4096.0,2304.0,4.6000000000000005,20000.0,100.0,2.0,200.0,0.0,100.0,1.0,1.0,0.21042,4.7523999619808,7.2e-06,0.638888888888889,1.0,0.1,1.0,1.0,3.0,1.0,0.0,2.0,0.0009999999999999998,2.0,0.0,2.0,1.0,2.0,256.0,51248.0,916.0,2.0,1.0,-20.0,2308.0,100.0,2.0,792.0,100.0,2.0,5.0,0.0,3.0,0.0004104,2.88e-05,0.0,0.2104344,0.00042479999999999997,1.0,2.0,0.0,3.0,1.0,2.0,2.0,1.0,b'IMAGE',b'IMAGE_GRAYSCALE',b'1.2',0,Orca_Camera,False,tweez,0.09,1.5,0.432,15,True,74.94,24,110,True,False,73.7,74.6,20,0.5,10,40,10,10,0.09,0.377,0.43,0.9,35,Z:\Experiments\Sr\Selection_experiment\2024\10\23\0043\2024-10-23_0043_Selection_experiment_004.h5,abs,basler_abs,orca,2.5,0.1,209,28,F:\Experiments\Sr\Selection_experiment\2024\10\23\0043\2024-10-23_0043_Selection_experiment_004.h5,False,True,340,340,Selection_experiment.py,150,True,True,True,1,189,1.0,26.5,30,4,0,2024-10-23 18:58:17.268573+02:00,2024-10-23 18:58:06+02:00,43,75.455,100,True,170,28,True
60,19.7,1,1,0,28.0,29.0,29.0,7.375,6.375,5.140625,41.3,47.2,40.8,32.9,70.953125,63.109375,77.18335,False,260.0,1,0.5,80,28,108,10.0,114,29,114,28,False,73.9,25,100,100,300,73.02,100.1,1.0,16.0,20000.0,2.0,200.0,0.0,1.0,1.0,0.11,200.0,2.0,0.26000639999999997,5.0,20000.0,1.0,2.0,200.0,1.0,0.0,4.6000000000000005,4096.0,2304.0,4.6000000000000005,20000.0,100.0,2.0,200.0,0.0,100.0,1.0,1.0,0.260424,3.8398918686449792,7.2e-06,0.638888888888889,1.0,0.1,1.0,1.0,3.0,1.0,0.0,2.0,0.0009999999999999998,2.0,0.0,2.0,1.0,2.0,256.0,51248.0,916.0,2.0,1.0,-20.0,2308.0,100.0,2.0,792.0,100.0,2.0,5.0,0.0,3.0,0.0004104,2.88e-05,0.0,0.2604384,0.00042479999999999997,1.0,2.0,0.0,3.0,1.0,2.0,2.0,1.0,b'IMAGE',b'IMAGE_GRAYSCALE',b'1.2',0,Orca_Camera,False,tweez,0.09,1.5,0.432,15,True,74.94,24,110,True,False,73.7,74.6,20,0.5,10,40,10,10,0.09,0.377,0.43,0.9,35,Z:\Experiments\Sr\Selection_experiment\2024\10\23\0043\2024-10-23_0043_Selection_experiment_005.h5,abs,basler_abs,orca,2.5,0.1,209,28,F:\Experiments\Sr\Selection_experiment\2024\10\23\0043\2024-10-23_0043_Selection_experiment_005.h5,False,True,340,340,Selection_experiment.py,150,True,True,True,1,189,1.0,26.5,30,5,0,2024-10-23 18:58:19.748808+02:00,2024-10-23 18:58:06+02:00,43,75.455,100,True,170,28,True
60,19.7,0,1,0,33.0,33.0,34.0,5.484375,7.21875,5.53125,42.1,35.1,46.2,35.4,74.499756,62.95215,72.99902,False,310.0,1,0.5,80,28,108,10.0,114,29,114,28,False,73.9,25,100,100,300,73.02,100.1,1.0,16.0,20000.0,2.0,200.0,0.0,1.0,1.0,0.11,200.0,2.0,0.3100032,5.0,20000.0,1.0,2.0,200.0,1.0,0.0,4.6000000000000005,4096.0,2304.0,4.6000000000000005,20000.0,100.0,2.0,200.0,0.0,100.0,1.0,1.0,0.3104208,3.2214336152732033,7.2e-06,0.638888888888889,1.0,0.1,1.0,1.0,3.0,1.0,0.0,2.0,0.0009999999999999998,2.0,0.0,2.0,1.0,2.0,256.0,51248.0,916.0,2.0,1.0,-20.0,2308.0,100.0,2.0,792.0,100.0,2.0,5.0,0.0,3.0,0.0004104,2.88e-05,0.0,0.3104352,0.00042479999999999997,1.0,2.0,0.0,3.0,1.0,2.0,2.0,1.0,b'IMAGE',b'IMAGE_GRAYSCALE',b'1.2',0,Orca_Camera,False,tweez,0.09,1.5,0.432,15,True,74.94,24,110,True,False,73.7,74.6,20,0.5,10,40,10,10,0.09,0.377,0.43,0.9,35,Z:\Experiments\Sr\Selection_experiment\2024\10\23\0043\2024-10-23_0043_Selection_experiment_006.h5,abs,basler_abs,orca,2.5,0.1,209,28,F:\Experiments\Sr\Selection_experiment\2024\10\23\0043\2024-10-23_0043_Selection_experiment_006.h5,False,True,340,340,Selection_experiment.py,150,True,True,True,1,189,1.0,26.5,30,6,0,2024-10-23 18:58:22.209648+02:00,2024-10-23 18:58:06+02:00,43,75.455,100,True,170,28,True
60,19.7,0,0,0,13.0,26.0,12.0,0.8125,1.15625,0.375,19.0,5.2,7.4,2.4,20.964844,25.444336,22.140625,False,10.0,1,0.5,80,28,108,12.0,114,29,114,28,False,73.9,25,100,100,300,73.02,100.1,1.0,16.0,20000.0,2.0,200.0,0.0,1.0,1.0,0.11,200.0,2.0,0.010000799999999999,5.0,20000.0,1.0,2.0,200.0,1.0,0.0,4.6000000000000005,4096.0,2304.0,4.6000000000000005,20000.0,100.0,2.0,200.0,0.0,100.0,1.0,1.0,0.0104184,95.98402825769793,7.2e-06,0.638888888888889,1.0,0.1,1.0,1.0,3.0,1.0,0.0,2.0,0.0009999999999999998,2.0,0.0,2.0,1.0,2.0,256.0,51248.0,916.0,2.0,1.0,-20.0,2308.0,100.0,2.0,792.0,100.0,2.0,5.0,0.0,3.0,0.0004104,2.88e-05,0.0,0.010432799999999999,0.00042479999999999997,1.0,2.0,0.0,3.0,1.0,2.0,2.0,1.0,b'IMAGE',b'IMAGE_GRAYSCALE',b'1.2',0,Orca_Camera,False,tweez,0.09,1.5,0.432,15,True,74.94,24,110,True,False,73.7,74.6,20,0.5,10,40,10,10,0.09,0.377,0.43,0.9,35,Z:\Experiments\Sr\Selection_experiment\2024\10\23\0043\2024-10-23_0043_Selection_experiment_007.h5,abs,basler_abs,orca,2.5,0.1,209,28,F:\Experiments\Sr\Selection_experiment\2024\10\23\0043\2024-10-23_0043_Selection_experiment_007.h5,False,True,340,340,Selection_experiment.py,150,True,True,True,1,189,1.0,26.5,30,7,0,2024-10-23 18:58:25.143658+02:00,2024-10-23 18:58:06+02:00,43,75.455,100,True,170,28,True
60,19.7,0,0,0,23.0,26.0,24.0,3.78125,3.09375,2.4375,26.4,24.2,19.8,15.6,42.38965,42.33496,28.558594,False,60.0,1,0.5,80,28,108,12.0,114,29,114,28,False,73.9,25,100,100,300,73.02,100.1,1.0,16.0,20000.0,2.0,200.0,0.0,1.0,1.0,0.11,200.0,2.0,0.0600048,5.0,20000.0,1.0,2.0,200.0,1.0,0.0,4.6000000000000005,4096.0,2304.0,4.6000000000000005,20000.0,100.0,2.0,200.0,0.0,100.0,1.0,1.0,0.060422399999999994,16.550153585425274,7.2e-06,0.638888888888889,1.0,0.1,1.0,1.0,3.0,1.0,0.0,2.0,0.0009999999999999998,2.0,0.0,2.0,1.0,2.0,256.0,51248.0,916.0,2.0,1.0,-20.0,2308.0,100.0,2.0,792.0,100.0,2.0,5.0,0.0,3.0,0.0004104,2.88e-05,0.0,0.06043679999999999,0.00042479999999999997,1.0,2.0,0.0,3.0,1.0,2.0,2.0,1.0,b'IMAGE',b'IMAGE_GRAYSCALE',b'1.2',0,Orca_Camera,False,tweez,0.09,1.5,0.432,15,True,74.94,24,110,True,False,73.7,74.6,20,0.5,10,40,10,10,0.09,0.377,0.43,0.9,35,Z:\Experiments\Sr\Selection_experiment\2024\10\23\0043\2024-10-23_0043_Selection_experiment_008.h5,abs,basler_abs,orca,2.5,0.1,209,28,F:\Experiments\Sr\Selection_experiment\2024\10\23\0043\2024-10-23_0043_Selection_experiment_008.h5,False,True,340,340,Selection_experiment.py,150,True,True,True,1,189,1.0,26.5,30,8,0,2024-10-23 18:58:27.601216+02:00,2024-10-23 18:58:06+02:00,43,75.455,100,True,170,28,True
60,19.7,0,0,0,20.0,28.0,19.0,2.53125,2.546875,3.34375,31.4,16.2,16.3,21.4,36.561523,39.247803,27.756836,False,110.0,1,0.5,80,28,108,12.0,114,29,114,28,False,73.9,25,100,100,300,73.02,100.1,1.0,16.0,20000.0,2.0,200.0,0.0,1.0,1.0,0.11,200.0,2.0,0.11000159999999999,5.0,20000.0,1.0,2.0,200.0,1.0,0.0,4.6000000000000005,4096.0,2304.0,4.6000000000000005,20000.0,100.0,2.0,200.0,0.0,100.0,1.0,1.0,0.1104192,9.056395989103345,7.2e-06,0.638888888888889,1.0,0.1,1.0,1.0,3.0,1.0,0.0,2.0,0.0009999999999999998,2.0,0.0,2.0,1.0,2.0,256.0,51248.0,916.0,2.0,1.0,-20.0,2308.0,100.0,2.0,792.0,100.0,2.0,5.0,0.0,3.0,0.0004104,2.88e-05,0.0,0.11043359999999999,0.00042479999999999997,1.0,2.0,0.0,3.0,1.0,2.0,2.0,1.0,b'IMAGE',b'IMAGE_GRAYSCALE',b'1.2',0,Orca_Camera,False,tweez,0.09,1.5,0.432,15,True,74.94,24,110,True,False,73.7,74.6,20,0.5,10,40,10,10,0.09,0.377,0.43,0.9,35,Z:\Experiments\Sr\Selection_experiment\2024\10\23\0043\2024-10-23_0043_Selection_experiment_009.h5,abs,basler_abs,orca,2.5,0.1,209,28,F:\Experiments\Sr\Selection_experiment\2024\10\23\0043\2024-10-23_0043_Selection_experiment_009.h5,False,True,340,340,Selection_experiment.py,150,True,True,True,1,189,1.0,26.5,30,9,0,2024-10-23 18:58:30.080455+02:00,2024-10-23 18:58:06+02:00,43,75.455,100,True,170,28,True
60,19.7,0,0,0,27.0,21.0,33.0,5.578125,4.171875,5.09375,24.8,35.7,26.7,32.6,67.6814,50.642334,80.17871,False,160.0,1,0.5,80,28,108,12.0,114,29,114,28,False,73.9,25,100,100,300,73.02,100.1,1.0,16.0,20000.0,2.0,200.0,0.0,1.0,1.0,0.11,200.0,2.0,0.1600056,5.0,20000.0,1.0,2.0,200.0,1.0,0.0,4.6000000000000005,4096.0,2304.0,4.6000000000000005,20000.0,100.0,2.0,200.0,0.0,100.0,1.0,1.0,0.1604232,6.233512359808308,7.2e-06,0.638888888888889,1.0,0.1,1.0,1.0,3.0,1.0,0.0,2.0,0.0009999999999999998,2.0,0.0,2.0,1.0,2.0,256.0,51248.0,916.0,2.0,1.0,-20.0,2308.0,100.0,2.0,792.0,100.0,2.0,5.0,0.0,3.0,0.0004104,2.88e-05,0.0,0.16043759999999999,0.00042479999999999997,1.0,2.0,0.0,3.0,1.0,2.0,2.0,1.0,b'IMAGE',b'IMAGE_GRAYSCALE',b'1.2',0,Orca_Camera,False,tweez,0.09,1.5,0.432,15,True,74.94,24,110,True,False,73.7,74.6,20,0.5,10,40,10,10,0.09,0.377,0.43,0.9,35,Z:\Experiments\Sr\Selection_experiment\2024\10\23\0043\2024-10-23_0043_Selection_experiment_010.h5,abs,basler_abs,orca,2.5,0.1,209,28,F:\Experiments\Sr\Selection_experiment\2024\10\23\0043\2024-10-23_0043_Selection_experiment_010.h5,False,True,340,340,Selection_experiment.py,150,True,True,True,1,189,1.0,26.5,30,10,0,2024-10-23 18:58:32.607059+02:00,2024-10-23 18:58:06+02:00,43,75.455,100,True,170,28,True
60,19.7,0,0,0,24.0,31.0,30.0,4.921875,5.921875,5.21875,42.6,31.5,37.9,33.4,43.13452,64.00952,70.1709,False,210.0,1,0.5,80,28,108,12.0,114,29,114,28,False,73.9,25,100,100,300,73.02,100.1,1.0,16.0,20000.0,2.0,200.0,0.0,1.0,1.0,0.11,200.0,2.0,0.21000239999999998,5.0,20000.0,1.0,2.0,200.0,1.0,0.0,4.6000000000000005,4096.0,2304.0,4.6000000000000005,20000.0,100.0,2.0,200.0,0.0,100.0,1.0,1.0,0.21042,4.7523999619808,7.2e-06,0.638888888888889,1.0,0.1,1.0,1.0,3.0,1.0,0.0,2.0,0.0009999999999999998,2.0,0.0,2.0,1.0,2.0,256.0,51248.0,916.0,2.0,1.0,-20.0,2308.0,100.0,2.0,792.0,100.0,2.0,5.0,0.0,3.0,0.0004104,2.88e-05,0.0,0.2104344,0.00042479999999999997,1.0,2.0,0.0,3.0,1.0,2.0,2.0,1.0,b'IMAGE',b'IMAGE_GRAYSCALE',b'1.2',0,Orca_Camera,False,tweez,0.09,1.5,0.432,15,True,74.94,24,110,True,False,73.7,74.6,20,0.5,10,40,10,10,0.09,0.377,0.43,0.9,35,Z:\Experiments\Sr\Selection_experiment\2024\10\23\0043\2024-10-23_0043_Selection_experiment_011.h5,abs,basler_abs,orca,2.5,0.1,209,28,F:\Experiments\Sr\Selection_experiment\2024\10\23\0043\2024-10-23_0043_Selection_experiment_011.h5,False,True,340,340,Selection_experiment.py,150,True,True,True,1,189,1.0,26.5,30,11,0,2024-10-23 18:58:35.098564+02:00,2024-10-23 18:58:06+02:00,43,75.455,100,True,170,28,True
60,19.7,0,1,0,33.0,32.0,32.0,5.484375,6.640625,4.765625,35.7,35.1,42.5,30.5,77.999756,66.261475,55.929443,False,260.0,1,0.5,80,28,108,12.0,114,29,114,28,False,73.9,25,100,100,300,73.02,100.1,1.0,16.0,20000.0,2.0,200.0,0.0,1.0,1.0,0.11,200.0,2.0,0.26000639999999997,5.0,20000.0,1.0,2.0,200.0,1.0,0.0,4.6000000000000005,4096.0,2304.0,4.6000000000000005,20000.0,100.0,2.0,200.0,0.0,100.0,1.0,1.0,0.260424,3.8398918686449792,7.2e-06,0.638888888888889,1.0,0.1,1.0,1.0,3.0,1.0,0.0,2.0,0.0009999999999999998,2.0,0.0,2.0,1.0,2.0,256.0,51248.0,916.0,2.0,1.0,-20.0,2308.0,100.0,2.0,792.0,100.0,2.0,5.0,0.0,3.0,0.0004104,2.88e-05,0.0,0.2604384,0.00042479999999999997,1.0,2.0,0.0,3.0,1.0,2.0,2.0,1.0,b'IMAGE',b'IMAGE_GRAYSCALE',b'1.2',0,Orca_Camera,False,tweez,0.09,1.5,0.432,15,True,74.94,24,110,True,False,73.7,74.6,20,0.5,10,40,10,10,0.09,0.377,0.43,0.9,35,Z:\Experiments\Sr\Selection_experiment\2024\10\23\0043\2024-10-23_0043_Selection_experiment_012.h5,abs,basler_abs,orca,2.5,0.1,209,28,F:\Experiments\Sr\Selection_experiment\2024\10\23\0043\2024-10-23_0043_Selection_experiment_012.h5,False,True,340,340,Selection_experiment.py,150,True,True,True,1,189,1.0,26.5,30,12,0,2024-10-23 18:58:37.607523+02:00,2024-10-23 18:58:06+02:00,43,75.455,100,True,170,28,True
60,19.7,1,1,0,27.0,34.0,25.0,8.171875,9.984375,5.78125,33.3,52.3,63.9,37.0,72.704834,85.70288,62.3584,False,310.0,1,0.5,80,28,108,12.0,114,29,114,28,False,73.9,25,100,100,300,73.02,100.1,1.0,16.0,20000.0,2.0,200.0,0.0,1.0,1.0,0.11,200.0,2.0,0.3100032,5.0,20000.0,1.0,2.0,200.0,1.0,0.0,4.6000000000000005,4096.0,2304.0,4.6000000000000005,20000.0,100.0,2.0,200.0,0.0,100.0,1.0,1.0,0.3104208,3.2214336152732033,7.2e-06,0.638888888888889,1.0,0.1,1.0,1.0,3.0,1.0,0.0,2.0,0.0009999999999999998,2.0,0.0,2.0,1.0,2.0,256.0,51248.0,916.0,2.0,1.0,-20.0,2308.0,100.0,2.0,792.0,100.0,2.0,5.0,0.0,3.0,0.0004104,2.88e-05,0.0,0.3104352,0.00042479999999999997,1.0,2.0,0.0,3.0,1.0,2.0,2.0,1.0,b'IMAGE',b'IMAGE_GRAYSCALE',b'1.2',0,Orca_Camera,False,tweez,0.09,1.5,0.432,15,True,74.94,24,110,True,False,73.7,74.6,20,0.5,10,40,10,10,0.09,0.377,0.43,0.9,35,Z:\Experiments\Sr\Selection_experiment\2024\10\23\0043\2024-10-23_0043_Selection_experiment_013.h5,abs,basler_abs,orca,2.5,0.1,209,28,F:\Experiments\Sr\Selection_experiment\2024\10\23\0043\2024-10-23_0043_Selection_experiment_013.h5,False,True,340,340,Selection_experiment.py,150,True,True,True,1,189,1.0,26.5,30,13,0,2024-10-23 18:58:40.158746+02:00,2024-10-23 18:58:06+02:00,43,75.455,100,True,170,28,True
60,19.7,0,0,0,12.0,14.0,14.0,1.1875,2.1875,0.421875,19.6,7.6,14.0,2.7,22.246094,21.996094,22.837646,False,10.0,1,0.5,80,28,108,14.0,114,29,114,28,False,73.9,25,100,100,300,73.02,100.1,1.0,16.0,20000.0,2.0,200.0,0.0,1.0,1.0,0.11,200.0,2.0,0.010000799999999999,5.0,20000.0,1.0,2.0,200.0,1.0,0.0,4.6000000000000005,4096.0,2304.0,4.6000000000000005,20000.0,100.0,2.0,200.0,0.0,100.0,1.0,1.0,0.0104184,95.98402825769793,7.2e-06,0.638888888888889,1.0,0.1,1.0,1.0,3.0,1.0,0.0,2.0,0.0009999999999999998,2.0,0.0,2.0,1.0,2.0,256.0,51248.0,916.0,2.0,1.0,-20.0,2308.0,100.0,2.0,792.0,100.0,2.0,5.0,0.0,3.0,0.0004104,2.88e-05,0.0,0.010432799999999999,0.00042479999999999997,1.0,2.0,0.0,3.0,1.0,2.0,2.0,1.0,b'IMAGE',b'IMAGE_GRAYSCALE',b'1.2',0,Orca_Camera,False,tweez,0.09,1.5,0.432,15,True,74.94,24,110,True,False,73.7,74.6,20,0.5,10,40,10,10,0.09,0.377,0.43,0.9,35,Z:\Experiments\Sr\Selection_experiment\2024\10\23\0043\2024-10-23_0043_Selection_experiment_014.h5,abs,basler_abs,orca,2.5,0.1,209,28,F:\Experiments\Sr\Selection_experiment\2024\10\23\0043\2024-10-23_0043_Selection_experiment_014.h5,False,True,340,340,Selection_experiment.py,150,True,True,True,1,189,1.0,26.5,30,14,0,2024-10-23 18:58:43.292087+02:00,2024-10-23 18:58:06+02:00,43,75.455,100,True,170,28,True
60,19.7,0,0,0,23.0,36.0,21.0,5.5625,4.109375,3.75,15.5,35.6,26.3,24.0,57.152344,64.81616,54.125,False,60.0,1,0.5,80,28,108,14.0,114,29,114,28,False,73.9,25,100,100,300,73.02,100.1,1.0,16.0,20000.0,2.0,200.0,0.0,1.0,1.0,0.11,200.0,2.0,0.0600048,5.0,20000.0,1.0,2.0,200.0,1.0,0.0,4.6000000000000005,4096.0,2304.0,4.6000000000000005,20000.0,100.0,2.0,200.0,0.0,100.0,1.0,1.0,0.060422399999999994,16.550153585425274,7.2e-06,0.638888888888889,1.0,0.1,1.0,1.0,3.0,1.0,0.0,2.0,0.0009999999999999998,2.0,0.0,2.0,1.0,2.0,256.0,51248.0,916.0,2.0,1.0,-20.0,2308.0,100.0,2.0,792.0,100.0,2.0,5.0,0.0,3.0,0.0004104,2.88e-05,0.0,0.06043679999999999,0.00042479999999999997,1.0,2.0,0.0,3.0,1.0,2.0,2.0,1.0,b'IMAGE',b'IMAGE_GRAYSCALE',b'1.2',0,Orca_Camera,False,tweez,0.09,1.5,0.432,15,True,74.94,24,110,True,False,73.7,74.6,20,0.5,10,40,10,10,0.09,0.377,0.43,0.9,35,Z:\Experiments\Sr\Selection_experiment\2024\10\23\0043\2024-10-23_0043_Selection_experiment_015.h5,abs,basler_abs,orca,2.5,0.1,209,28,F:\Experiments\Sr\Selection_experiment\2024\10\23\0043\2024-10-23_0043_Selection_experiment_015.h5,False,True,340,340,Selection_experiment.py,150,True,True,True,1,189,1.0,26.5,30,15,0,2024-10-23 18:58:45.734639+02:00,2024-10-23 18:58:06+02:00,43,75.455,100,True,170,28,True
60,19.7,0,1,0,28.0,27.0,27.0,5.265625,7.65625,3.34375,14.5,33.7,49.0,21.4,80.38257,81.038086,54.663086,False,110.0,1,0.5,80,28,108,14.0,114,29,114,28,False,73.9,25,100,100,300,73.02,100.1,1.0,16.0,20000.0,2.0,200.0,0.0,1.0,1.0,0.11,200.0,2.0,0.11000159999999999,5.0,20000.0,1.0,2.0,200.0,1.0,0.0,4.6000000000000005,4096.0,2304.0,4.6000000000000005,20000.0,100.0,2.0,200.0,0.0,100.0,1.0,1.0,0.1104192,9.056395989103345,7.2e-06,0.638888888888889,1.0,0.1,1.0,1.0,3.0,1.0,0.0,2.0,0.0009999999999999998,2.0,0.0,2.0,1.0,2.0,256.0,51248.0,916.0,2.0,1.0,-20.0,2308.0,100.0,2.0,792.0,100.0,2.0,5.0,0.0,3.0,0.0004104,2.88e-05,0.0,0.11043359999999999,0.00042479999999999997,1.0,2.0,0.0,3.0,1.0,2.0,2.0,1.0,b'IMAGE',b'IMAGE_GRAYSCALE',b'1.2',0,Orca_Camera,False,tweez,0.09,1.5,0.432,15,True,74.94,24,110,True,False,73.7,74.6,20,0.5,10,40,10,10,0.09,0.377,0.43,0.9,35,Z:\Experiments\Sr\Selection_experiment\2024\10\23\0043\2024-10-23_0043_Selection_experiment_016.h5,abs,basler_abs,orca,2.5,0.1,209,28,F:\Experiments\Sr\Selection_experiment\2024\10\23\0043\2024-10-23_0043_Selection_experiment_016.h5,False,True,340,340,Selection_experiment.py,150,True,True,True,1,189,1.0,26.5,30,16,0,2024-10-23 18:58:48.058805+02:00,2024-10-23 18:58:06+02:00,43,75.455,100,True,170,28,True
60,19.7,1,1,0,37.0,28.0,27.0,7.578125,7.203125,3.875,20.7,48.5,46.1,24.8,90.4939,68.005615,63.515625,False,160.0,1,0.5,80,28,108,14.0,114,29,114,28,False,73.9,25,100,100,300,73.02,100.1,1.0,16.0,20000.0,2.0,200.0,0.0,1.0,1.0,0.11,200.0,2.0,0.1600056,5.0,20000.0,1.0,2.0,200.0,1.0,0.0,4.6000000000000005,4096.0,2304.0,4.6000000000000005,20000.0,100.0,2.0,200.0,0.0,100.0,1.0,1.0,0.1604232,6.233512359808308,7.2e-06,0.638888888888889,1.0,0.1,1.0,1.0,3.0,1.0,0.0,2.0,0.0009999999999999998,2.0,0.0,2.0,1.0,2.0,256.0,51248.0,916.0,2.0,1.0,-20.0,2308.0,100.0,2.0,792.0,100.0,2.0,5.0,0.0,3.0,0.0004104,2.88e-05,0.0,0.16043759999999999,0.00042479999999999997,1.0,2.0,0.0,3.0,1.0,2.0,2.0,1.0,b'IMAGE',b'IMAGE_GRAYSCALE',b'1.2',0,Orca_Camera,False,tweez,0.09,1.5,0.432,15,True,74.94,24,110,True,False,73.7,74.6,20,0.5,10,40,10,10,0.09,0.377,0.43,0.9,35,Z:\Experiments\Sr\Selection_experiment\2024\10\23\0043\2024-10-23_0043_Selection_experiment_017.h5,abs,basler_abs,orca,2.5,0.1,209,28,F:\Experiments\Sr\Selection_experiment\2024\10\23\0043\2024-10-23_0043_Selection_experiment_017.h5,False,True,340,340,Selection_experiment.py,150,True,True,True,1,189,1.0,26.5,30,17,0,2024-10-23 18:58:50.513685+02:00,2024-10-23 18:58:06+02:00,43,75.455,100,True,170,28,True
60,19.7,1,1,1,36.0,57.0,36.0,7.421875,10.046875,7.859375,31.1,47.5,64.3,50.3,72.9939,147.85718,69.68335,False,210.0,1,0.5,80,28,108,14.0,114,29,114,28,False,73.9,25,100,100,300,73.02,100.1,1.0,16.0,20000.0,2.0,200.0,0.0,1.0,1.0,0.11,200.0,2.0,0.21000239999999998,5.0,20000.0,1.0,2.0,200.0,1.0,0.0,4.6000000000000005,4096.0,2304.0,4.6000000000000005,20000.0,100.0,2.0,200.0,0.0,100.0,1.0,1.0,0.21042,4.7523999619808,7.2e-06,0.638888888888889,1.0,0.1,1.0,1.0,3.0,1.0,0.0,2.0,0.0009999999999999998,2.0,0.0,2.0,1.0,2.0,256.0,51248.0,916.0,2.0,1.0,-20.0,2308.0,100.0,2.0,792.0,100.0,2.0,5.0,0.0,3.0,0.0004104,2.88e-05,0.0,0.2104344,0.00042479999999999997,1.0,2.0,0.0,3.0,1.0,2.0,2.0,1.0,b'IMAGE',b'IMAGE_GRAYSCALE',b'1.2',0,Orca_Camera,False,tweez,0.09,1.5,0.432,15,True,74.94,24,110,True,False,73.7,74.6,20,0.5,10,40,10,10,0.09,0.377,0.43,0.9,35,Z:\Experiments\Sr\Selection_experiment\2024\10\23\0043\2024-10-23_0043_Selection_experiment_018.h5,abs,basler_abs,orca,2.5,0.1,209,28,F:\Experiments\Sr\Selection_experiment\2024\10\23\0043\2024-10-23_0043_Selection_experiment_018.h5,False,True,340,340,Selection_experiment.py,150,True,True,True,1,189,1.0,26.5,30,18,0,2024-10-23 18:58:52.993503+02:00,2024-10-23 18:58:06+02:00,43,75.455,100,True,170,28,True
60,19.7,1,1,0,48.0,53.0,26.0,11.21875,10.640625,6.25,35.6,71.8,68.1,40.0,143.7334,140.29272,74.03125,False,260.0,1,0.5,80,28,108,14.0,114,29,114,28,False,73.9,25,100,100,300,73.02,100.1,1.0,16.0,20000.0,2.0,200.0,0.0,1.0,1.0,0.11,200.0,2.0,0.26000639999999997,5.0,20000.0,1.0,2.0,200.0,1.0,0.0,4.6000000000000005,4096.0,2304.0,4.6000000000000005,20000.0,100.0,2.0,200.0,0.0,100.0,1.0,1.0,0.260424,3.8398918686449792,7.2e-06,0.638888888888889,1.0,0.1,1.0,1.0,3.0,1.0,0.0,2.0,0.0009999999999999998,2.0,0.0,2.0,1.0,2.0,256.0,51248.0,916.0,2.0,1.0,-20.0,2308.0,100.0,2.0,792.0,100.0,2.0,5.0,0.0,3.0,0.0004104,2.88e-05,0.0,0.2604384,0.00042479999999999997,1.0,2.0,0.0,3.0,1.0,2.0,2.0,1.0,b'IMAGE',b'IMAGE_GRAYSCALE',b'1.2',0,Orca_Camera,False,tweez,0.09,1.5,0.432,15,True,74.94,24,110,True,False,73.7,74.6,20,0.5,10,40,10,10,0.09,0.377,0.43,0.9,35,Z:\Experiments\Sr\Selection_experiment\2024\10\23\0043\2024-10-23_0043_Selection_experiment_019.h5,abs,basler_abs,orca,2.5,0.1,209,28,F:\Experiments\Sr\Selection_experiment\2024\10\23\0043\2024-10-23_0043_Selection_experiment_019.h5,False,True,340,340,Selection_experiment.py,150,True,True,True,1,189,1.0,26.5,30,19,0,2024-10-23 18:58:55.536913+02:00,2024-10-23 18:58:06+02:00,43,75.455,100,True,170,28,True
60,19.7,1,1,1,61.0,83.0,44.0,15.984375,15.078125,9.484375,33.8,102.3,96.5,60.7,214.51538,332.47827,126.656006,False,310.0,1,0.5,80,28,108,14.0,114,29,114,28,False,73.9,25,100,100,300,73.02,100.1,1.0,16.0,20000.0,2.0,200.0,0.0,1.0,1.0,0.11,200.0,2.0,0.3100032,5.0,20000.0,1.0,2.0,200.0,1.0,0.0,4.6000000000000005,4096.0,2304.0,4.6000000000000005,20000.0,100.0,2.0,200.0,0.0,100.0,1.0,1.0,0.3104208,3.2214336152732033,7.2e-06,0.638888888888889,1.0,0.1,1.0,1.0,3.0,1.0,0.0,2.0,0.0009999999999999998,2.0,0.0,2.0,1.0,2.0,256.0,51248.0,916.0,2.0,1.0,-20.0,2308.0,100.0,2.0,792.0,100.0,2.0,5.0,0.0,3.0,0.0004104,2.88e-05,0.0,0.3104352,0.00042479999999999997,1.0,2.0,0.0,3.0,1.0,2.0,2.0,1.0,b'IMAGE',b'IMAGE_GRAYSCALE',b'1.2',0,Orca_Camera,False,tweez,0.09,1.5,0.432,15,True,74.94,24,110,True,False,73.7,74.6,20,0.5,10,40,10,10,0.09,0.377,0.43,0.9,35,Z:\Experiments\Sr\Selection_experiment\2024\10\23\0043\2024-10-23_0043_Selection_experiment_020.h5,abs,basler_abs,orca,2.5,0.1,209,28,F:\Experiments\Sr\Selection_experiment\2024\10\23\0043\2024-10-23_0043_Selection_experiment_020.h5,False,True,340,340,Selection_experiment.py,150,True,True,True,1,189,1.0,26.5,30,20,0,2024-10-23 18:58:58.165990+02:00,2024-10-23 18:58:06+02:00,43,75.455,100,True,170,28,True
60,19.7,0,0,0,16.0,19.0,21.0,2.828125,2.84375,2.015625,15.2,18.1,18.2,12.9,27.642334,32.788086,30.54663,False,10.0,1,0.5,80,28,108,16.0,114,29,114,28,False,73.9,25,100,100,300,73.02,100.1,1.0,16.0,20000.0,2.0,200.0,0.0,1.0,1.0,0.11,200.0,2.0,0.010000799999999999,5.0,20000.0,1.0,2.0,200.0,1.0,0.0,4.6000000000000005,4096.0,2304.0,4.6000000000000005,20000.0,100.0,2.0,200.0,0.0,100.0,1.0,1.0,0.0104184,95.98402825769793,7.2e-06,0.638888888888889,1.0,0.1,1.0,1.0,3.0,1.0,0.0,2.0,0.0009999999999999998,2.0,0.0,2.0,1.0,2.0,256.0,51248.0,916.0,2.0,1.0,-20.0,2308.0,100.0,2.0,792.0,100.0,2.0,5.0,0.0,3.0,0.0004104,2.88e-05,0.0,0.010432799999999999,0.00042479999999999997,1.0,2.0,0.0,3.0,1.0,2.0,2.0,1.0,b'IMAGE',b'IMAGE_GRAYSCALE',b'1.2',0,Orca_Camera,False,tweez,0.09,1.5,0.432,15,True,74.94,24,110,True,False,73.7,74.6,20,0.5,10,40,10,10,0.09,0.377,0.43,0.9,35,Z:\Experiments\Sr\Selection_experiment\2024\10\23\0043\2024-10-23_0043_Selection_experiment_021.h5,abs,basler_abs,orca,2.5,0.1,209,28,F:\Experiments\Sr\Selection_experiment\2024\10\23\0043\2024-10-23_0043_Selection_experiment_021.h5,False,True,340,340,Selection_experiment.py,150,True,True,True,1,189,1.0,26.5,30,21,0,2024-10-23 18:59:01.121352+02:00,2024-10-23 18:58:06+02:00,43,75.455,100,True,170,28,True
60,19.7,1,1,0,38.0,35.0,20.0,8.546875,8.90625,4.59375,17.2,54.7,57.0,29.4,107.1853,102.27246,60.17871,False,60.0,1,0.5,80,28,108,16.0,114,29,114,28,False,73.9,25,100,100,300,73.02,100.1,1.0,16.0,20000.0,2.0,200.0,0.0,1.0,1.0,0.11,200.0,2.0,0.0600048,5.0,20000.0,1.0,2.0,200.0,1.0,0.0,4.6000000000000005,4096.0,2304.0,4.6000000000000005,20000.0,100.0,2.0,200.0,0.0,100.0,1.0,1.0,0.060422399999999994,16.550153585425274,7.2e-06,0.638888888888889,1.0,0.1,1.0,1.0,3.0,1.0,0.0,2.0,0.0009999999999999998,2.0,0.0,2.0,1.0,2.0,256.0,51248.0,916.0,2.0,1.0,-20.0,2308.0,100.0,2.0,792.0,100.0,2.0,5.0,0.0,3.0,0.0004104,2.88e-05,0.0,0.06043679999999999,0.00042479999999999997,1.0,2.0,0.0,3.0,1.0,2.0,2.0,1.0,b'IMAGE',b'IMAGE_GRAYSCALE',b'1.2',0,Orca_Camera,False,tweez,0.09,1.5,0.432,15,True,74.94,24,110,True,False,73.7,74.6,20,0.5,10,40,10,10,0.09,0.377,0.43,0.9,35,Z:\Experiments\Sr\Selection_experiment\2024\10\23\0043\2024-10-23_0043_Selection_experiment_022.h5,abs,basler_abs,orca,2.5,0.1,209,28,F:\Experiments\Sr\Selection_experiment\2024\10\23\0043\2024-10-23_0043_Selection_experiment_022.h5,False,True,340,340,Selection_experiment.py,150,True,True,True,1,189,1.0,26.5,30,22,0,2024-10-23 18:59:03.643456+02:00,2024-10-23 18:58:06+02:00,43,75.455,100,True,170,28,True
60,19.7,1,1,1,52.0,67.0,32.0,13.015625,15.109375,7.875,23.9,83.3,96.7,50.4,172.48413,245.56616,91.046875,False,110.0,1,0.5,80,28,108,16.0,114,29,114,28,False,73.9,25,100,100,300,73.02,100.1,1.0,16.0,20000.0,2.0,200.0,0.0,1.0,1.0,0.11,200.0,2.0,0.11000159999999999,5.0,20000.0,1.0,2.0,200.0,1.0,0.0,4.6000000000000005,4096.0,2304.0,4.6000000000000005,20000.0,100.0,2.0,200.0,0.0,100.0,1.0,1.0,0.1104192,9.056395989103345,7.2e-06,0.638888888888889,1.0,0.1,1.0,1.0,3.0,1.0,0.0,2.0,0.0009999999999999998,2.0,0.0,2.0,1.0,2.0,256.0,51248.0,916.0,2.0,1.0,-20.0,2308.0,100.0,2.0,792.0,100.0,2.0,5.0,0.0,3.0,0.0004104,2.88e-05,0.0,0.11043359999999999,0.00042479999999999997,1.0,2.0,0.0,3.0,1.0,2.0,2.0,1.0,b'IMAGE',b'IMAGE_GRAYSCALE',b'1.2',0,Orca_Camera,False,tweez,0.09,1.5,0.432,15,True,74.94,24,110,True,False,73.7,74.6,20,0.5,10,40,10,10,0.09,0.377,0.43,0.9,35,Z:\Experiments\Sr\Selection_experiment\2024\10\23\0043\2024-10-23_0043_Selection_experiment_023.h5,abs,basler_abs,orca,2.5,0.1,209,28,F:\Experiments\Sr\Selection_experiment\2024\10\23\0043\2024-10-23_0043_Selection_experiment_023.h5,False,True,340,340,Selection_experiment.py,150,True,True,True,1,189,1.0,26.5,30,23,0,2024-10-23 18:59:06.122691+02:00,2024-10-23 18:58:06+02:00,43,75.455,100,True,170,28,True
60,19.7,1,1,1,73.0,109.0,42.0,19.25,17.53125,9.984375,39.6,123.2,112.2,63.9,356.25,467.74902,100.42163,False,160.0,1,0.5,80,28,108,16.0,114,29,114,28,False,73.9,25,100,100,300,73.02,100.1,1.0,16.0,20000.0,2.0,200.0,0.0,1.0,1.0,0.11,200.0,2.0,0.1600056,5.0,20000.0,1.0,2.0,200.0,1.0,0.0,4.6000000000000005,4096.0,2304.0,4.6000000000000005,20000.0,100.0,2.0,200.0,0.0,100.0,1.0,1.0,0.1604232,6.233512359808308,7.2e-06,0.638888888888889,1.0,0.1,1.0,1.0,3.0,1.0,0.0,2.0,0.0009999999999999998,2.0,0.0,2.0,1.0,2.0,256.0,51248.0,916.0,2.0,1.0,-20.0,2308.0,100.0,2.0,792.0,100.0,2.0,5.0,0.0,3.0,0.0004104,2.88e-05,0.0,0.16043759999999999,0.00042479999999999997,1.0,2.0,0.0,3.0,1.0,2.0,2.0,1.0,b'IMAGE',b'IMAGE_GRAYSCALE',b'1.2',0,Orca_Camera,False,tweez,0.09,1.5,0.432,15,True,74.94,24,110,True,False,73.7,74.6,20,0.5,10,40,10,10,0.09,0.377,0.43,0.9,35,Z:\Experiments\Sr\Selection_experiment\2024\10\23\0043\2024-10-23_0043_Selection_experiment_024.h5,abs,basler_abs,orca,2.5,0.1,209,28,F:\Experiments\Sr\Selection_experiment\2024\10\23\0043\2024-10-23_0043_Selection_experiment_024.h5,False,True,340,340,Selection_experiment.py,150,True,True,True,1,189,1.0,26.5,30,24,0,2024-10-23 18:59:08.577817+02:00,2024-10-23 18:58:06+02:00,43,75.455,100,True,170,28,True
60,19.7,1,1,1,144.0,113.0,68.0,23.65625,27.171875,13.15625,26.5,151.4,173.9,84.2,567.13184,798.4861,218.35059,False,210.0,1,0.5,80,28,108,16.0,114,29,114,28,False,73.9,25,100,100,300,73.02,100.1,1.0,16.0,20000.0,2.0,200.0,0.0,1.0,1.0,0.11,200.0,2.0,0.21000239999999998,5.0,20000.0,1.0,2.0,200.0,1.0,0.0,4.6000000000000005,4096.0,2304.0,4.6000000000000005,20000.0,100.0,2.0,200.0,0.0,100.0,1.0,1.0,0.21042,4.7523999619808,7.2e-06,0.638888888888889,1.0,0.1,1.0,1.0,3.0,1.0,0.0,2.0,0.0009999999999999998,2.0,0.0,2.0,1.0,2.0,256.0,51248.0,916.0,2.0,1.0,-20.0,2308.0,100.0,2.0,792.0,100.0,2.0,5.0,0.0,3.0,0.0004104,2.88e-05,0.0,0.2104344,0.00042479999999999997,1.0,2.0,0.0,3.0,1.0,2.0,2.0,1.0,b'IMAGE',b'IMAGE_GRAYSCALE',b'1.2',0,Orca_Camera,False,tweez,0.09,1.5,0.432,15,True,74.94,24,110,True,False,73.7,74.6,20,0.5,10,40,10,10,0.09,0.377,0.43,0.9,35,Z:\Experiments\Sr\Selection_experiment\2024\10\23\0043\2024-10-23_0043_Selection_experiment_025.h5,abs,basler_abs,orca,2.5,0.1,209,28,F:\Experiments\Sr\Selection_experiment\2024\10\23\0043\2024-10-23_0043_Selection_experiment_025.h5,False,True,340,340,Selection_experiment.py,150,True,True,True,1,189,1.0,26.5,30,25,0,2024-10-23 18:59:11.079315+02:00,2024-10-23 18:58:06+02:00,43,75.455,100,True,170,28,True
60,19.7,1,1,1,132.0,143.0,51.0,27.953125,28.6875,11.046875,35.9,178.9,183.6,70.7,555.6384,864.6836,163.45091,False,260.0,1,0.5,80,28,108,16.0,114,29,114,28,False,73.9,25,100,100,300,73.02,100.1,1.0,16.0,20000.0,2.0,200.0,0.0,1.0,1.0,0.11,200.0,2.0,0.26000639999999997,5.0,20000.0,1.0,2.0,200.0,1.0,0.0,4.6000000000000005,4096.0,2304.0,4.6000000000000005,20000.0,100.0,2.0,200.0,0.0,100.0,1.0,1.0,0.260424,3.8398918686449792,7.2e-06,0.638888888888889,1.0,0.1,1.0,1.0,3.0,1.0,0.0,2.0,0.0009999999999999998,2.0,0.0,2.0,1.0,2.0,256.0,51248.0,916.0,2.0,1.0,-20.0,2308.0,100.0,2.0,792.0,100.0,2.0,5.0,0.0,3.0,0.0004104,2.88e-05,0.0,0.2604384,0.00042479999999999997,1.0,2.0,0.0,3.0,1.0,2.0,2.0,1.0,b'IMAGE',b'IMAGE_GRAYSCALE',b'1.2',0,Orca_Camera,False,tweez,0.09,1.5,0.432,15,True,74.94,24,110,True,False,73.7,74.6,20,0.5,10,40,10,10,0.09,0.377,0.43,0.9,35,Z:\Experiments\Sr\Selection_experiment\2024\10\23\0043\2024-10-23_0043_Selection_experiment_026.h5,abs,basler_abs,orca,2.5,0.1,209,28,F:\Experiments\Sr\Selection_experiment\2024\10\23\0043\2024-10-23_0043_Selection_experiment_026.h5,False,True,340,340,Selection_experiment.py,150,True,True,True,1,189,1.0,26.5,30,26,0,2024-10-23 18:59:13.572778+02:00,2024-10-23 18:58:06+02:00,43,75.455,100,True,170,28,True
60,19.7,1,1,1,151.0,115.0,79.0,35.953125,27.984375,15.0625,42.8,230.1,179.1,96.4,847.7947,766.2341,275.83984,False,310.0,1,0.5,80,28,108,16.0,114,29,114,28,False,73.9,25,100,100,300,73.02,100.1,1.0,16.0,20000.0,2.0,200.0,0.0,1.0,1.0,0.11,200.0,2.0,0.3100032,5.0,20000.0,1.0,2.0,200.0,1.0,0.0,4.6000000000000005,4096.0,2304.0,4.6000000000000005,20000.0,100.0,2.0,200.0,0.0,100.0,1.0,1.0,0.3104208,3.2214336152732033,7.2e-06,0.638888888888889,1.0,0.1,1.0,1.0,3.0,1.0,0.0,2.0,0.0009999999999999998,2.0,0.0,2.0,1.0,2.0,256.0,51248.0,916.0,2.0,1.0,-20.0,2308.0,100.0,2.0,792.0,100.0,2.0,5.0,0.0,3.0,0.0004104,2.88e-05,0.0,0.3104352,0.00042479999999999997,1.0,2.0,0.0,3.0,1.0,2.0,2.0,1.0,b'IMAGE',b'IMAGE_GRAYSCALE',b'1.2',0,Orca_Camera,False,tweez,0.09,1.5,0.432,15,True,74.94,24,110,True,False,73.7,74.6,20,0.5,10,40,10,10,0.09,0.377,0.43,0.9,35,Z:\Experiments\Sr\Selection_experiment\2024\10\23\0043\2024-10-23_0043_Selection_experiment_027.h5,abs,basler_abs,orca,2.5,0.1,209,28,F:\Experiments\Sr\Selection_experiment\2024\10\23\0043\2024-10-23_0043_Selection_experiment_027.h5,False,True,340,340,Selection_experiment.py,150,True,True,True,1,189,1.0,26.5,30,27,0,2024-10-23 18:59:16.548468+02:00,2024-10-23 18:58:06+02:00,43,75.455,100,True,170,28,True
60,19.7,0,0,0,33.0,23.0,17.0,1.671875,3.953125,2.25,15.8,10.7,25.3,14.4,43.00171,38.857178,29.6875,False,10.0,1,0.5,80,28,108,18.0,114,29,114,28,False,73.9,25,100,100,300,73.02,100.1,1.0,16.0,20000.0,2.0,200.0,0.0,1.0,1.0,0.11,200.0,2.0,0.010000799999999999,5.0,20000.0,1.0,2.0,200.0,1.0,0.0,4.6000000000000005,4096.0,2304.0,4.6000000000000005,20000.0,100.0,2.0,200.0,0.0,100.0,1.0,1.0,0.0104184,95.98402825769793,7.2e-06,0.638888888888889,1.0,0.1,1.0,1.0,3.0,1.0,0.0,2.0,0.0009999999999999998,2.0,0.0,2.0,1.0,2.0,256.0,51248.0,916.0,2.0,1.0,-20.0,2308.0,100.0,2.0,792.0,100.0,2.0,5.0,0.0,3.0,0.0004104,2.88e-05,0.0,0.010432799999999999,0.00042479999999999997,1.0,2.0,0.0,3.0,1.0,2.0,2.0,1.0,b'IMAGE',b'IMAGE_GRAYSCALE',b'1.2',0,Orca_Camera,False,tweez,0.09,1.5,0.432,15,True,74.94,24,110,True,False,73.7,74.6,20,0.5,10,40,10,10,0.09,0.377,0.43,0.9,35,Z:\Experiments\Sr\Selection_experiment\2024\10\23\0043\2024-10-23_0043_Selection_experiment_028.h5,abs,basler_abs,orca,2.5,0.1,209,28,F:\Experiments\Sr\Selection_experiment\2024\10\23\0043\2024-10-23_0043_Selection_experiment_028.h5,False,True,340,340,Selection_experiment.py,150,True,True,True,1,189,1.0,26.5,30,28,0,2024-10-23 18:59:19.589234+02:00,2024-10-23 18:58:06+02:00,43,75.455,100,True,170,28,True
60,19.7,1,1,1,98.0,70.0,34.0,18.40625,17.28125,8.59375,11.3,117.8,110.6,55.0,414.02246,369.63965,77.92871,False,60.0,1,0.5,80,28,108,18.0,114,29,114,28,False,73.9,25,100,100,300,73.02,100.1,1.0,16.0,20000.0,2.0,200.0,0.0,1.0,1.0,0.11,200.0,2.0,0.0600048,5.0,20000.0,1.0,2.0,200.0,1.0,0.0,4.6000000000000005,4096.0,2304.0,4.6000000000000005,20000.0,100.0,2.0,200.0,0.0,100.0,1.0,1.0,0.060422399999999994,16.550153585425274,7.2e-06,0.638888888888889,1.0,0.1,1.0,1.0,3.0,1.0,0.0,2.0,0.0009999999999999998,2.0,0.0,2.0,1.0,2.0,256.0,51248.0,916.0,2.0,1.0,-20.0,2308.0,100.0,2.0,792.0,100.0,2.0,5.0,0.0,3.0,0.0004104,2.88e-05,0.0,0.06043679999999999,0.00042479999999999997,1.0,2.0,0.0,3.0,1.0,2.0,2.0,1.0,b'IMAGE',b'IMAGE_GRAYSCALE',b'1.2',0,Orca_Camera,False,tweez,0.09,1.5,0.432,15,True,74.94,24,110,True,False,73.7,74.6,20,0.5,10,40,10,10,0.09,0.377,0.43,0.9,35,Z:\Experiments\Sr\Selection_experiment\2024\10\23\0043\2024-10-23_0043_Selection_experiment_029.h5,abs,basler_abs,orca,2.5,0.1,209,28,F:\Experiments\Sr\Selection_experiment\2024\10\23\0043\2024-10-23_0043_Selection_experiment_029.h5,False,True,340,340,Selection_experiment.py,150,True,True,True,1,189,1.0,26.5,30,29,0,2024-10-23 18:59:22.084343+02:00,2024-10-23 18:58:06+02:00,43,75.455,100,True,170,28,True
60,19.7,1,1,1,120.0,172.0,62.0,29.890625,31.109375,12.34375,28.4,191.3,199.1,79.0,654.6599,859.0661,180.69434,False,110.0,1,0.5,80,28,108,18.0,114,29,114,28,False,73.9,25,100,100,300,73.02,100.1,1.0,16.0,20000.0,2.0,200.0,0.0,1.0,1.0,0.11,200.0,2.0,0.11000159999999999,5.0,20000.0,1.0,2.0,200.0,1.0,0.0,4.6000000000000005,4096.0,2304.0,4.6000000000000005,20000.0,100.0,2.0,200.0,0.0,100.0,1.0,1.0,0.1104192,9.056395989103345,7.2e-06,0.638888888888889,1.0,0.1,1.0,1.0,3.0,1.0,0.0,2.0,0.0009999999999999998,2.0,0.0,2.0,1.0,2.0,256.0,51248.0,916.0,2.0,1.0,-20.0,2308.0,100.0,2.0,792.0,100.0,2.0,5.0,0.0,3.0,0.0004104,2.88e-05,0.0,0.11043359999999999,0.00042479999999999997,1.0,2.0,0.0,3.0,1.0,2.0,2.0,1.0,b'IMAGE',b'IMAGE_GRAYSCALE',b'1.2',0,Orca_Camera,False,tweez,0.09,1.5,0.432,15,True,74.94,24,110,True,False,73.7,74.6,20,0.5,10,40,10,10,0.09,0.377,0.43,0.9,35,Z:\Experiments\Sr\Selection_experiment\2024\10\23\0043\2024-10-23_0043_Selection_experiment_030.h5,abs,basler_abs,orca,2.5,0.1,209,28,F:\Experiments\Sr\Selection_experiment\2024\10\23\0043\2024-10-23_0043_Selection_experiment_030.h5,False,True,340,340,Selection_experiment.py,150,True,True,True,1,189,1.0,26.5,30,30,0,2024-10-23 18:59:24.540766+02:00,2024-10-23 18:58:06+02:00,43,75.455,100,True,170,28,True
60,19.7,1,1,1,152.0,149.0,110.0,32.109375,39.5625,18.453125,31.9,205.5,253.2,118.1,855.1911,1552.4023,420.71655,False,160.0,1,0.5,80,28,108,18.0,114,29,114,28,False,73.9,25,100,100,300,73.02,100.1,1.0,16.0,20000.0,2.0,200.0,0.0,1.0,1.0,0.11,200.0,2.0,0.1600056,5.0,20000.0,1.0,2.0,200.0,1.0,0.0,4.6000000000000005,4096.0,2304.0,4.6000000000000005,20000.0,100.0,2.0,200.0,0.0,100.0,1.0,1.0,0.1604232,6.233512359808308,7.2e-06,0.638888888888889,1.0,0.1,1.0,1.0,3.0,1.0,0.0,2.0,0.0009999999999999998,2.0,0.0,2.0,1.0,2.0,256.0,51248.0,916.0,2.0,1.0,-20.0,2308.0,100.0,2.0,792.0,100.0,2.0,5.0,0.0,3.0,0.0004104,2.88e-05,0.0,0.16043759999999999,0.00042479999999999997,1.0,2.0,0.0,3.0,1.0,2.0,2.0,1.0,b'IMAGE',b'IMAGE_GRAYSCALE',b'1.2',0,Orca_Camera,False,tweez,0.09,1.5,0.432,15,True,74.94,24,110,True,False,73.7,74.6,20,0.5,10,40,10,10,0.09,0.377,0.43,0.9,35,Z:\Experiments\Sr\Selection_experiment\2024\10\23\0043\2024-10-23_0043_Selection_experiment_031.h5,abs,basler_abs,orca,2.5,0.1,209,28,F:\Experiments\Sr\Selection_experiment\2024\10\23\0043\2024-10-23_0043_Selection_experiment_031.h5,False,True,340,340,Selection_experiment.py,150,True,True,True,1,189,1.0,26.5,30,31,0,2024-10-23 18:59:26.985063+02:00,2024-10-23 18:58:06+02:00,43,75.455,100,True,170,28,True
60,19.7,1,1,1,154.0,213.0,93.0,41.265625,41.125,16.5,30.5,264.1,263.2,105.6,1339.3824,1824.3906,319.15625,False,210.0,1,0.5,80,28,108,18.0,114,29,114,28,False,73.9,25,100,100,300,73.02,100.1,1.0,16.0,20000.0,2.0,200.0,0.0,1.0,1.0,0.11,200.0,2.0,0.21000239999999998,5.0,20000.0,1.0,2.0,200.0,1.0,0.0,4.6000000000000005,4096.0,2304.0,4.6000000000000005,20000.0,100.0,2.0,200.0,0.0,100.0,1.0,1.0,0.21042,4.7523999619808,7.2e-06,0.638888888888889,1.0,0.1,1.0,1.0,3.0,1.0,0.0,2.0,0.0009999999999999998,2.0,0.0,2.0,1.0,2.0,256.0,51248.0,916.0,2.0,1.0,-20.0,2308.0,100.0,2.0,792.0,100.0,2.0,5.0,0.0,3.0,0.0004104,2.88e-05,0.0,0.2104344,0.00042479999999999997,1.0,2.0,0.0,3.0,1.0,2.0,2.0,1.0,b'IMAGE',b'IMAGE_GRAYSCALE',b'1.2',0,Orca_Camera,False,tweez,0.09,1.5,0.432,15,True,74.94,24,110,True,False,73.7,74.6,20,0.5,10,40,10,10,0.09,0.377,0.43,0.9,35,Z:\Experiments\Sr\Selection_experiment\2024\10\23\0043\2024-10-23_0043_Selection_experiment_032.h5,abs,basler_abs,orca,2.5,0.1,209,28,F:\Experiments\Sr\Selection_experiment\2024\10\23\0043\2024-10-23_0043_Selection_experiment_032.h5,False,True,340,340,Selection_experiment.py,150,True,True,True,1,189,1.0,26.5,30,32,0,2024-10-23 18:59:29.417398+02:00,2024-10-23 18:58:06+02:00,43,75.455,100,True,170,28,True
60,19.7,1,1,1,204.0,222.0,73.0,44.5,41.96875,15.140625,37.1,284.8,268.6,96.9,1763.9062,1703.3739,250.05833,False,260.0,1,0.5,80,28,108,18.0,114,29,114,28,False,73.9,25,100,100,300,73.02,100.1,1.0,16.0,20000.0,2.0,200.0,0.0,1.0,1.0,0.11,200.0,2.0,0.26000639999999997,5.0,20000.0,1.0,2.0,200.0,1.0,0.0,4.6000000000000005,4096.0,2304.0,4.6000000000000005,20000.0,100.0,2.0,200.0,0.0,100.0,1.0,1.0,0.260424,3.8398918686449792,7.2e-06,0.638888888888889,1.0,0.1,1.0,1.0,3.0,1.0,0.0,2.0,0.0009999999999999998,2.0,0.0,2.0,1.0,2.0,256.0,51248.0,916.0,2.0,1.0,-20.0,2308.0,100.0,2.0,792.0,100.0,2.0,5.0,0.0,3.0,0.0004104,2.88e-05,0.0,0.2604384,0.00042479999999999997,1.0,2.0,0.0,3.0,1.0,2.0,2.0,1.0,b'IMAGE',b'IMAGE_GRAYSCALE',b'1.2',0,Orca_Camera,False,tweez,0.09,1.5,0.432,15,True,74.94,24,110,True,False,73.7,74.6,20,0.5,10,40,10,10,0.09,0.377,0.43,0.9,35,Z:\Experiments\Sr\Selection_experiment\2024\10\23\0043\2024-10-23_0043_Selection_experiment_033.h5,abs,basler_abs,orca,2.5,0.1,209,28,F:\Experiments\Sr\Selection_experiment\2024\10\23\0043\2024-10-23_0043_Selection_experiment_033.h5,False,True,340,340,Selection_experiment.py,150,True,True,True,1,189,1.0,26.5,30,33,0,2024-10-23 18:59:31.970353+02:00,2024-10-23 18:58:06+02:00,43,75.455,100,True,170,28,True
60,19.7,1,1,1,155.0,291.0,70.0,41.3125,40.8125,17.71875,47.3,264.4,261.2,113.4,1537.5273,2213.0583,262.4209,False,310.0,1,0.5,80,28,108,18.0,114,29,114,28,False,73.9,25,100,100,300,73.02,100.1,1.0,16.0,20000.0,2.0,200.0,0.0,1.0,1.0,0.11,200.0,2.0,0.3100032,5.0,20000.0,1.0,2.0,200.0,1.0,0.0,4.6000000000000005,4096.0,2304.0,4.6000000000000005,20000.0,100.0,2.0,200.0,0.0,100.0,1.0,1.0,0.3104208,3.2214336152732033,7.2e-06,0.638888888888889,1.0,0.1,1.0,1.0,3.0,1.0,0.0,2.0,0.0009999999999999998,2.0,0.0,2.0,1.0,2.0,256.0,51248.0,916.0,2.0,1.0,-20.0,2308.0,100.0,2.0,792.0,100.0,2.0,5.0,0.0,3.0,0.0004104,2.88e-05,0.0,0.3104352,0.00042479999999999997,1.0,2.0,0.0,3.0,1.0,2.0,2.0,1.0,b'IMAGE',b'IMAGE_GRAYSCALE',b'1.2',0,Orca_Camera,False,tweez,0.09,1.5,0.432,15,True,74.94,24,110,True,False,73.7,74.6,20,0.5,10,40,10,10,0.09,0.377,0.43,0.9,35,Z:\Experiments\Sr\Selection_experiment\2024\10\23\0043\2024-10-23_0043_Selection_experiment_034.h5,abs,basler_abs,orca,2.5,0.1,209,28,F:\Experiments\Sr\Selection_experiment\2024\10\23\0043\2024-10-23_0043_Selection_experiment_034.h5,False,True,340,340,Selection_experiment.py,150,True,True,True,1,189,1.0,26.5,30,34,0,2024-10-23 18:59:34.566745+02:00,2024-10-23 18:58:06+02:00,43,75.455,100,True,170,28,True
60,19.7,1,1,0,31.0,40.0,24.0,6.484375,6.28125,3.984375,16.1,41.5,40.2,25.5,94.062256,90.45215,54.17163,False,10.0,1,0.5,80,28,108,20.0,114,29,114,28,False,73.9,25,100,100,300,73.02,100.1,1.0,16.0,20000.0,2.0,200.0,0.0,1.0,1.0,0.11,200.0,2.0,0.010000799999999999,5.0,20000.0,1.0,2.0,200.0,1.0,0.0,4.6000000000000005,4096.0,2304.0,4.6000000000000005,20000.0,100.0,2.0,200.0,0.0,100.0,1.0,1.0,0.0104184,95.98402825769793,7.2e-06,0.638888888888889,1.0,0.1,1.0,1.0,3.0,1.0,0.0,2.0,0.0009999999999999998,2.0,0.0,2.0,1.0,2.0,256.0,51248.0,916.0,2.0,1.0,-20.0,2308.0,100.0,2.0,792.0,100.0,2.0,5.0,0.0,3.0,0.0004104,2.88e-05,0.0,0.010432799999999999,0.00042479999999999997,1.0,2.0,0.0,3.0,1.0,2.0,2.0,1.0,b'IMAGE',b'IMAGE_GRAYSCALE',b'1.2',0,Orca_Camera,False,tweez,0.09,1.5,0.432,15,True,74.94,24,110,True,False,73.7,74.6,20,0.5,10,40,10,10,0.09,0.377,0.43,0.9,35,Z:\Experiments\Sr\Selection_experiment\2024\10\23\0043\2024-10-23_0043_Selection_experiment_035.h5,abs,basler_abs,orca,2.5,0.1,209,28,F:\Experiments\Sr\Selection_experiment\2024\10\23\0043\2024-10-23_0043_Selection_experiment_035.h5,False,True,340,340,Selection_experiment.py,150,True,True,True,1,189,1.0,26.5,30,35,0,2024-10-23 18:59:37.598528+02:00,2024-10-23 18:58:06+02:00,43,75.455,100,True,170,28,True
60,19.7,1,1,1,119.0,111.0,56.0,26.46875,26.1875,12.390625,18.4,169.4,167.6,79.3,844.9053,798.8086,172.14429,False,60.0,1,0.5,80,28,108,20.0,114,29,114,28,False,73.9,25,100,100,300,73.02,100.1,1.0,16.0,20000.0,2.0,200.0,0.0,1.0,1.0,0.11,200.0,2.0,0.0600048,5.0,20000.0,1.0,2.0,200.0,1.0,0.0,4.6000000000000005,4096.0,2304.0,4.6000000000000005,20000.0,100.0,2.0,200.0,0.0,100.0,1.0,1.0,0.060422399999999994,16.550153585425274,7.2e-06,0.638888888888889,1.0,0.1,1.0,1.0,3.0,1.0,0.0,2.0,0.0009999999999999998,2.0,0.0,2.0,1.0,2.0,256.0,51248.0,916.0,2.0,1.0,-20.0,2308.0,100.0,2.0,792.0,100.0,2.0,5.0,0.0,3.0,0.0004104,2.88e-05,0.0,0.06043679999999999,0.00042479999999999997,1.0,2.0,0.0,3.0,1.0,2.0,2.0,1.0,b'IMAGE',b'IMAGE_GRAYSCALE',b'1.2',0,Orca_Camera,False,tweez,0.09,1.5,0.432,15,True,74.94,24,110,True,False,73.7,74.6,20,0.5,10,40,10,10,0.09,0.377,0.43,0.9,35,Z:\Experiments\Sr\Selection_experiment\2024\10\23\0043\2024-10-23_0043_Selection_experiment_036.h5,abs,basler_abs,orca,2.5,0.1,209,28,F:\Experiments\Sr\Selection_experiment\2024\10\23\0043\2024-10-23_0043_Selection_experiment_036.h5,False,True,340,340,Selection_experiment.py,150,True,True,True,1,189,1.0,26.5,30,36,0,2024-10-23 18:59:40.028320+02:00,2024-10-23 18:58:06+02:00,43,75.455,100,True,170,28,True
60,19.7,1,1,1,166.0,230.0,81.0,40.40625,41.171875,13.59375,23.6,258.6,263.5,87.0,1266.0848,1915.7048,304.8662,False,110.0,1,0.5,80,28,108,20.0,114,29,114,28,False,73.9,25,100,100,300,73.02,100.1,1.0,16.0,20000.0,2.0,200.0,0.0,1.0,1.0,0.11,200.0,2.0,0.11000159999999999,5.0,20000.0,1.0,2.0,200.0,1.0,0.0,4.6000000000000005,4096.0,2304.0,4.6000000000000005,20000.0,100.0,2.0,200.0,0.0,100.0,1.0,1.0,0.1104192,9.056395989103345,7.2e-06,0.638888888888889,1.0,0.1,1.0,1.0,3.0,1.0,0.0,2.0,0.0009999999999999998,2.0,0.0,2.0,1.0,2.0,256.0,51248.0,916.0,2.0,1.0,-20.0,2308.0,100.0,2.0,792.0,100.0,2.0,5.0,0.0,3.0,0.0004104,2.88e-05,0.0,0.11043359999999999,0.00042479999999999997,1.0,2.0,0.0,3.0,1.0,2.0,2.0,1.0,b'IMAGE',b'IMAGE_GRAYSCALE',b'1.2',0,Orca_Camera,False,tweez,0.09,1.5,0.432,15,True,74.94,24,110,True,False,73.7,74.6,20,0.5,10,40,10,10,0.09,0.377,0.43,0.9,35,Z:\Experiments\Sr\Selection_experiment\2024\10\23\0043\2024-10-23_0043_Selection_experiment_037.h5,abs,basler_abs,orca,2.5,0.1,209,28,F:\Experiments\Sr\Selection_experiment\2024\10\23\0043\2024-10-23_0043_Selection_experiment_037.h5,False,True,340,340,Selection_experiment.py,150,True,True,True,1,189,1.0,26.5,30,37,0,2024-10-23 18:59:42.466610+02:00,2024-10-23 18:58:06+02:00,43,75.455,100,True,170,28,True
60,19.7,1,1,1,223.0,207.0,74.0,48.296875,43.796875,15.453125,31.0,309.1,280.3,98.9,2155.8647,1767.3494,261.6228,False,160.0,1,0.5,80,28,108,20.0,114,29,114,28,False,73.9,25,100,100,300,73.02,100.1,1.0,16.0,20000.0,2.0,200.0,0.0,1.0,1.0,0.11,200.0,2.0,0.1600056,5.0,20000.0,1.0,2.0,200.0,1.0,0.0,4.6000000000000005,4096.0,2304.0,4.6000000000000005,20000.0,100.0,2.0,200.0,0.0,100.0,1.0,1.0,0.1604232,6.233512359808308,7.2e-06,0.638888888888889,1.0,0.1,1.0,1.0,3.0,1.0,0.0,2.0,0.0009999999999999998,2.0,0.0,2.0,1.0,2.0,256.0,51248.0,916.0,2.0,1.0,-20.0,2308.0,100.0,2.0,792.0,100.0,2.0,5.0,0.0,3.0,0.0004104,2.88e-05,0.0,0.16043759999999999,0.00042479999999999997,1.0,2.0,0.0,3.0,1.0,2.0,2.0,1.0,b'IMAGE',b'IMAGE_GRAYSCALE',b'1.2',0,Orca_Camera,False,tweez,0.09,1.5,0.432,15,True,74.94,24,110,True,False,73.7,74.6,20,0.5,10,40,10,10,0.09,0.377,0.43,0.9,35,Z:\Experiments\Sr\Selection_experiment\2024\10\23\0043\2024-10-23_0043_Selection_experiment_038.h5,abs,basler_abs,orca,2.5,0.1,209,28,F:\Experiments\Sr\Selection_experiment\2024\10\23\0043\2024-10-23_0043_Selection_experiment_038.h5,False,True,340,340,Selection_experiment.py,150,True,True,True,1,189,1.0,26.5,30,38,0,2024-10-23 18:59:44.896889+02:00,2024-10-23 18:58:06+02:00,43,75.455,100,True,170,28,True
60,19.7,1,1,1,211.0,256.0,72.0,53.515625,47.390625,15.1875,29.7,342.5,303.3,97.2,2124.187,2540.3628,283.90234,False,210.0,1,0.5,80,28,108,20.0,114,29,114,28,False,73.9,25,100,100,300,73.02,100.1,1.0,16.0,20000.0,2.0,200.0,0.0,1.0,1.0,0.11,200.0,2.0,0.21000239999999998,5.0,20000.0,1.0,2.0,200.0,1.0,0.0,4.6000000000000005,4096.0,2304.0,4.6000000000000005,20000.0,100.0,2.0,200.0,0.0,100.0,1.0,1.0,0.21042,4.7523999619808,7.2e-06,0.638888888888889,1.0,0.1,1.0,1.0,3.0,1.0,0.0,2.0,0.0009999999999999998,2.0,0.0,2.0,1.0,2.0,256.0,51248.0,916.0,2.0,1.0,-20.0,2308.0,100.0,2.0,792.0,100.0,2.0,5.0,0.0,3.0,0.0004104,2.88e-05,0.0,0.2104344,0.00042479999999999997,1.0,2.0,0.0,3.0,1.0,2.0,2.0,1.0,b'IMAGE',b'IMAGE_GRAYSCALE',b'1.2',0,Orca_Camera,False,tweez,0.09,1.5,0.432,15,True,74.94,24,110,True,False,73.7,74.6,20,0.5,10,40,10,10,0.09,0.377,0.43,0.9,35,Z:\Experiments\Sr\Selection_experiment\2024\10\23\0043\2024-10-23_0043_Selection_experiment_039.h5,abs,basler_abs,orca,2.5,0.1,209,28,F:\Experiments\Sr\Selection_experiment\2024\10\23\0043\2024-10-23_0043_Selection_experiment_039.h5,False,True,340,340,Selection_experiment.py,150,True,True,True,1,189,1.0,26.5,30,39,0,2024-10-23 18:59:47.324443+02:00,2024-10-23 18:58:06+02:00,43,75.455,100,True,170,28,True
60,19.7,1,1,1,278.0,254.0,76.0,54.71875,49.4375,20.1875,35.6,350.2,316.4,129.2,2925.8896,2550.2148,368.5586,False,260.0,1,0.5,80,28,108,20.0,114,29,114,28,False,73.9,25,100,100,300,73.02,100.1,1.0,16.0,20000.0,2.0,200.0,0.0,1.0,1.0,0.11,200.0,2.0,0.26000639999999997,5.0,20000.0,1.0,2.0,200.0,1.0,0.0,4.6000000000000005,4096.0,2304.0,4.6000000000000005,20000.0,100.0,2.0,200.0,0.0,100.0,1.0,1.0,0.260424,3.8398918686449792,7.2e-06,0.638888888888889,1.0,0.1,1.0,1.0,3.0,1.0,0.0,2.0,0.0009999999999999998,2.0,0.0,2.0,1.0,2.0,256.0,51248.0,916.0,2.0,1.0,-20.0,2308.0,100.0,2.0,792.0,100.0,2.0,5.0,0.0,3.0,0.0004104,2.88e-05,0.0,0.2604384,0.00042479999999999997,1.0,2.0,0.0,3.0,1.0,2.0,2.0,1.0,b'IMAGE',b'IMAGE_GRAYSCALE',b'1.2',0,Orca_Camera,False,tweez,0.09,1.5,0.432,15,True,74.94,24,110,True,False,73.7,74.6,20,0.5,10,40,10,10,0.09,0.377,0.43,0.9,35,Z:\Experiments\Sr\Selection_experiment\2024\10\23\0043\2024-10-23_0043_Selection_experiment_040.h5,abs,basler_abs,orca,2.5,0.1,209,28,F:\Experiments\Sr\Selection_experiment\2024\10\23\0043\2024-10-23_0043_Selection_experiment_040.h5,False,True,340,340,Selection_experiment.py,150,True,True,True,1,189,1.0,26.5,30,40,0,2024-10-23 18:59:49.949821+02:00,2024-10-23 18:58:06+02:00,43,75.455,100,True,170,28,True
60,19.7,1,1,1,215.0,291.0,91.0,47.546875,52.40625,18.328125,50.1,304.3,335.4,117.3,2078.7788,3144.46,315.8767,False,310.0,1,0.5,80,28,108,20.0,114,29,114,28,False,73.9,25,100,100,300,73.02,100.1,1.0,16.0,20000.0,2.0,200.0,0.0,1.0,1.0,0.11,200.0,2.0,0.3100032,5.0,20000.0,1.0,2.0,200.0,1.0,0.0,4.6000000000000005,4096.0,2304.0,4.6000000000000005,20000.0,100.0,2.0,200.0,0.0,100.0,1.0,1.0,0.3104208,3.2214336152732033,7.2e-06,0.638888888888889,1.0,0.1,1.0,1.0,3.0,1.0,0.0,2.0,0.0009999999999999998,2.0,0.0,2.0,1.0,2.0,256.0,51248.0,916.0,2.0,1.0,-20.0,2308.0,100.0,2.0,792.0,100.0,2.0,5.0,0.0,3.0,0.0004104,2.88e-05,0.0,0.3104352,0.00042479999999999997,1.0,2.0,0.0,3.0,1.0,2.0,2.0,1.0,b'IMAGE',b'IMAGE_GRAYSCALE',b'1.2',0,Orca_Camera,False,tweez,0.09,1.5,0.432,15,True,74.94,24,110,True,False,73.7,74.6,20,0.5,10,40,10,10,0.09,0.377,0.43,0.9,35,Z:\Experiments\Sr\Selection_experiment\2024\10\23\0043\2024-10-23_0043_Selection_experiment_041.h5,abs,basler_abs,orca,2.5,0.1,209,28,F:\Experiments\Sr\Selection_experiment\2024\10\23\0043\2024-10-23_0043_Selection_experiment_041.h5,False,True,340,340,Selection_experiment.py,150,True,True,True,1,189,1.0,26.5,30,41,0,2024-10-23 18:59:52.412977+02:00,2024-10-23 18:58:06+02:00,43,75.455,100,True,170,28,True
60,19.7,1,1,0,38.0,41.0,34.0,10.125,9.28125,4.84375,15.0,64.8,59.4,31.0,123.453125,130.5459,77.913086,False,10.0,1,0.5,80,28,108,22.0,114,29,114,28,False,73.9,25,100,100,300,73.02,100.1,1.0,16.0,20000.0,2.0,200.0,0.0,1.0,1.0,0.11,200.0,2.0,0.010000799999999999,5.0,20000.0,1.0,2.0,200.0,1.0,0.0,4.6000000000000005,4096.0,2304.0,4.6000000000000005,20000.0,100.0,2.0,200.0,0.0,100.0,1.0,1.0,0.0104184,95.98402825769793,7.2e-06,0.638888888888889,1.0,0.1,1.0,1.0,3.0,1.0,0.0,2.0,0.0009999999999999998,2.0,0.0,2.0,1.0,2.0,256.0,51248.0,916.0,2.0,1.0,-20.0,2308.0,100.0,2.0,792.0,100.0,2.0,5.0,0.0,3.0,0.0004104,2.88e-05,0.0,0.010432799999999999,0.00042479999999999997,1.0,2.0,0.0,3.0,1.0,2.0,2.0,1.0,b'IMAGE',b'IMAGE_GRAYSCALE',b'1.2',0,Orca_Camera,False,tweez,0.09,1.5,0.432,15,True,74.94,24,110,True,False,73.7,74.6,20,0.5,10,40,10,10,0.09,0.377,0.43,0.9,35,Z:\Experiments\Sr\Selection_experiment\2024\10\23\0043\2024-10-23_0043_Selection_experiment_042.h5,abs,basler_abs,orca,2.5,0.1,209,28,F:\Experiments\Sr\Selection_experiment\2024\10\23\0043\2024-10-23_0043_Selection_experiment_042.h5,False,True,340,340,Selection_experiment.py,150,True,True,True,1,189,1.0,26.5,30,42,0,2024-10-23 18:59:55.499316+02:00,2024-10-23 18:58:06+02:00,43,75.455,100,True,170,28,True
60,19.7,1,1,1,203.0,153.0,46.0,38.125,39.46875,11.8125,19.3,244.0,252.6,75.6,2000.1406,1718.6552,152.2461,False,60.0,1,0.5,80,28,108,22.0,114,29,114,28,False,73.9,25,100,100,300,73.02,100.1,1.0,16.0,20000.0,2.0,200.0,0.0,1.0,1.0,0.11,200.0,2.0,0.0600048,5.0,20000.0,1.0,2.0,200.0,1.0,0.0,4.6000000000000005,4096.0,2304.0,4.6000000000000005,20000.0,100.0,2.0,200.0,0.0,100.0,1.0,1.0,0.060422399999999994,16.550153585425274,7.2e-06,0.638888888888889,1.0,0.1,1.0,1.0,3.0,1.0,0.0,2.0,0.0009999999999999998,2.0,0.0,2.0,1.0,2.0,256.0,51248.0,916.0,2.0,1.0,-20.0,2308.0,100.0,2.0,792.0,100.0,2.0,5.0,0.0,3.0,0.0004104,2.88e-05,0.0,0.06043679999999999,0.00042479999999999997,1.0,2.0,0.0,3.0,1.0,2.0,2.0,1.0,b'IMAGE',b'IMAGE_GRAYSCALE',b'1.2',0,Orca_Camera,False,tweez,0.09,1.5,0.432,15,True,74.94,24,110,True,False,73.7,74.6,20,0.5,10,40,10,10,0.09,0.377,0.43,0.9,35,Z:\Experiments\Sr\Selection_experiment\2024\10\23\0043\2024-10-23_0043_Selection_experiment_043.h5,abs,basler_abs,orca,2.5,0.1,209,28,F:\Experiments\Sr\Selection_experiment\2024\10\23\0043\2024-10-23_0043_Selection_experiment_043.h5,False,True,340,340,Selection_experiment.py,150,True,True,True,1,189,1.0,26.5,30,43,0,2024-10-23 18:59:57.984765+02:00,2024-10-23 18:58:06+02:00,43,75.455,100,True,170,28,True
60,19.7,1,1,1,155.0,175.0,45.0,42.71875,39.421875,13.59375,14.0,273.4,252.3,87.0,1549.0459,1532.8065,186.45996,False,110.0,1,0.5,80,28,108,22.0,114,29,114,28,False,73.9,25,100,100,300,73.02,100.1,1.0,16.0,20000.0,2.0,200.0,0.0,1.0,1.0,0.11,200.0,2.0,0.11000159999999999,5.0,20000.0,1.0,2.0,200.0,1.0,0.0,4.6000000000000005,4096.0,2304.0,4.6000000000000005,20000.0,100.0,2.0,200.0,0.0,100.0,1.0,1.0,0.1104192,9.056395989103345,7.2e-06,0.638888888888889,1.0,0.1,1.0,1.0,3.0,1.0,0.0,2.0,0.0009999999999999998,2.0,0.0,2.0,1.0,2.0,256.0,51248.0,916.0,2.0,1.0,-20.0,2308.0,100.0,2.0,792.0,100.0,2.0,5.0,0.0,3.0,0.0004104,2.88e-05,0.0,0.11043359999999999,0.00042479999999999997,1.0,2.0,0.0,3.0,1.0,2.0,2.0,1.0,b'IMAGE',b'IMAGE_GRAYSCALE',b'1.2',0,Orca_Camera,False,tweez,0.09,1.5,0.432,15,True,74.94,24,110,True,False,73.7,74.6,20,0.5,10,40,10,10,0.09,0.377,0.43,0.9,35,Z:\Experiments\Sr\Selection_experiment\2024\10\23\0043\2024-10-23_0043_Selection_experiment_044.h5,abs,basler_abs,orca,2.5,0.1,209,28,F:\Experiments\Sr\Selection_experiment\2024\10\23\0043\2024-10-23_0043_Selection_experiment_044.h5,False,True,340,340,Selection_experiment.py,150,True,True,True,1,189,1.0,26.5,30,44,0,2024-10-23 19:00:00.475945+02:00,2024-10-23 18:58:06+02:00,43,75.455,100,True,170,28,True
60,19.7,1,1,1,221.0,264.0,73.0,43.6875,46.53125,18.328125,24.9,279.6,297.8,117.3,2102.371,2369.5928,304.5017,False,160.0,1,0.5,80,28,108,22.0,114,29,114,28,False,73.9,25,100,100,300,73.02,100.1,1.0,16.0,20000.0,2.0,200.0,0.0,1.0,1.0,0.11,200.0,2.0,0.1600056,5.0,20000.0,1.0,2.0,200.0,1.0,0.0,4.6000000000000005,4096.0,2304.0,4.6000000000000005,20000.0,100.0,2.0,200.0,0.0,100.0,1.0,1.0,0.1604232,6.233512359808308,7.2e-06,0.638888888888889,1.0,0.1,1.0,1.0,3.0,1.0,0.0,2.0,0.0009999999999999998,2.0,0.0,2.0,1.0,2.0,256.0,51248.0,916.0,2.0,1.0,-20.0,2308.0,100.0,2.0,792.0,100.0,2.0,5.0,0.0,3.0,0.0004104,2.88e-05,0.0,0.16043759999999999,0.00042479999999999997,1.0,2.0,0.0,3.0,1.0,2.0,2.0,1.0,b'IMAGE',b'IMAGE_GRAYSCALE',b'1.2',0,Orca_Camera,False,tweez,0.09,1.5,0.432,15,True,74.94,24,110,True,False,73.7,74.6,20,0.5,10,40,10,10,0.09,0.377,0.43,0.9,35,Z:\Experiments\Sr\Selection_experiment\2024\10\23\0043\2024-10-23_0043_Selection_experiment_045.h5,abs,basler_abs,orca,2.5,0.1,209,28,F:\Experiments\Sr\Selection_experiment\2024\10\23\0043\2024-10-23_0043_Selection_experiment_045.h5,False,True,340,340,Selection_experiment.py,150,True,True,True,1,189,1.0,26.5,30,45,0,2024-10-23 19:00:02.939626+02:00,2024-10-23 18:58:06+02:00,43,75.455,100,True,170,28,True
60,19.7,1,1,1,217.0,281.0,155.0,55.484375,53.03125,20.640625,25.0,355.1,339.4,132.1,2645.937,3136.4988,583.824,False,210.0,1,0.5,80,28,108,22.0,114,29,114,28,False,73.9,25,100,100,300,73.02,100.1,1.0,16.0,20000.0,2.0,200.0,0.0,1.0,1.0,0.11,200.0,2.0,0.21000239999999998,5.0,20000.0,1.0,2.0,200.0,1.0,0.0,4.6000000000000005,4096.0,2304.0,4.6000000000000005,20000.0,100.0,2.0,200.0,0.0,100.0,1.0,1.0,0.21042,4.7523999619808,7.2e-06,0.638888888888889,1.0,0.1,1.0,1.0,3.0,1.0,0.0,2.0,0.0009999999999999998,2.0,0.0,2.0,1.0,2.0,256.0,51248.0,916.0,2.0,1.0,-20.0,2308.0,100.0,2.0,792.0,100.0,2.0,5.0,0.0,3.0,0.0004104,2.88e-05,0.0,0.2104344,0.00042479999999999997,1.0,2.0,0.0,3.0,1.0,2.0,2.0,1.0,b'IMAGE',b'IMAGE_GRAYSCALE',b'1.2',0,Orca_Camera,False,tweez,0.09,1.5,0.432,15,True,74.94,24,110,True,False,73.7,74.6,20,0.5,10,40,10,10,0.09,0.377,0.43,0.9,35,Z:\Experiments\Sr\Selection_experiment\2024\10\23\0043\2024-10-23_0043_Selection_experiment_046.h5,abs,basler_abs,orca,2.5,0.1,209,28,F:\Experiments\Sr\Selection_experiment\2024\10\23\0043\2024-10-23_0043_Selection_experiment_046.h5,False,True,340,340,Selection_experiment.py,150,True,True,True,1,189,1.0,26.5,30,46,0,2024-10-23 19:00:05.375857+02:00,2024-10-23 18:58:06+02:00,43,75.455,100,True,170,28,True
60,19.7,1,1,1,215.0,305.0,72.0,48.671875,52.28125,16.484375,42.6,311.5,334.6,105.5,2132.2515,3092.577,242.68724,False,260.0,1,0.5,80,28,108,22.0,114,29,114,28,False,73.9,25,100,100,300,73.02,100.1,1.0,16.0,20000.0,2.0,200.0,0.0,1.0,1.0,0.11,200.0,2.0,0.26000639999999997,5.0,20000.0,1.0,2.0,200.0,1.0,0.0,4.6000000000000005,4096.0,2304.0,4.6000000000000005,20000.0,100.0,2.0,200.0,0.0,100.0,1.0,1.0,0.260424,3.8398918686449792,7.2e-06,0.638888888888889,1.0,0.1,1.0,1.0,3.0,1.0,0.0,2.0,0.0009999999999999998,2.0,0.0,2.0,1.0,2.0,256.0,51248.0,916.0,2.0,1.0,-20.0,2308.0,100.0,2.0,792.0,100.0,2.0,5.0,0.0,3.0,0.0004104,2.88e-05,0.0,0.2604384,0.00042479999999999997,1.0,2.0,0.0,3.0,1.0,2.0,2.0,1.0,b'IMAGE',b'IMAGE_GRAYSCALE',b'1.2',0,Orca_Camera,False,tweez,0.09,1.5,0.432,15,True,74.94,24,110,True,False,73.7,74.6,20,0.5,10,40,10,10,0.09,0.377,0.43,0.9,35,Z:\Experiments\Sr\Selection_experiment\2024\10\23\0043\2024-10-23_0043_Selection_experiment_047.h5,abs,basler_abs,orca,2.5,0.1,209,28,F:\Experiments\Sr\Selection_experiment\2024\10\23\0043\2024-10-23_0043_Selection_experiment_047.h5,False,True,340,340,Selection_experiment.py,150,True,True,True,1,189,1.0,26.5,30,47,0,2024-10-23 19:00:07.864873+02:00,2024-10-23 18:58:06+02:00,43,75.455,100,True,170,28,True
60,19.7,1,1,1,171.0,269.0,63.0,47.9375,55.0,20.53125,51.6,306.8,352.0,131.4,1778.9961,2978.875,331.03027,False,310.0,1,0.5,80,28,108,22.0,114,29,114,28,False,73.9,25,100,100,300,73.02,100.1,1.0,16.0,20000.0,2.0,200.0,0.0,1.0,1.0,0.11,200.0,2.0,0.3100032,5.0,20000.0,1.0,2.0,200.0,1.0,0.0,4.6000000000000005,4096.0,2304.0,4.6000000000000005,20000.0,100.0,2.0,200.0,0.0,100.0,1.0,1.0,0.3104208,3.2214336152732033,7.2e-06,0.638888888888889,1.0,0.1,1.0,1.0,3.0,1.0,0.0,2.0,0.0009999999999999998,2.0,0.0,2.0,1.0,2.0,256.0,51248.0,916.0,2.0,1.0,-20.0,2308.0,100.0,2.0,792.0,100.0,2.0,5.0,0.0,3.0,0.0004104,2.88e-05,0.0,0.3104352,0.00042479999999999997,1.0,2.0,0.0,3.0,1.0,2.0,2.0,1.0,b'IMAGE',b'IMAGE_GRAYSCALE',b'1.2',0,Orca_Camera,False,tweez,0.09,1.5,0.432,15,True,74.94,24,110,True,False,73.7,74.6,20,0.5,10,40,10,10,0.09,0.377,0.43,0.9,35,Z:\Experiments\Sr\Selection_experiment\2024\10\23\0043\2024-10-23_0043_Selection_experiment_048.h5,abs,basler_abs,orca,2.5,0.1,209,28,F:\Experiments\Sr\Selection_experiment\2024\10\23\0043\2024-10-23_0043_Selection_experiment_048.h5,False,True,340,340,Selection_experiment.py,150,True,True,True,1,189,1.0,26.5,30,48,0,2024-10-23 19:00:10.794027+02:00,2024-10-23 18:58:06+02:00,43,75.455,100,True,170,28,True
60,19.7,1,1,0,83.0,75.0,34.0,16.0,14.21875,5.359375,23.4,102.4,91.0,34.3,275.03125,262.9834,56.855225,False,10.0,1,0.5,80,28,108,24.0,114,29,114,28,False,73.9,25,100,100,300,73.02,100.1,1.0,16.0,20000.0,2.0,200.0,0.0,1.0,1.0,0.11,200.0,2.0,0.010000799999999999,5.0,20000.0,1.0,2.0,200.0,1.0,0.0,4.6000000000000005,4096.0,2304.0,4.6000000000000005,20000.0,100.0,2.0,200.0,0.0,100.0,1.0,1.0,0.0104184,95.98402825769793,7.2e-06,0.638888888888889,1.0,0.1,1.0,1.0,3.0,1.0,0.0,2.0,0.0009999999999999998,2.0,0.0,2.0,1.0,2.0,256.0,51248.0,916.0,2.0,1.0,-20.0,2308.0,100.0,2.0,792.0,100.0,2.0,5.0,0.0,3.0,0.0004104,2.88e-05,0.0,0.010432799999999999,0.00042479999999999997,1.0,2.0,0.0,3.0,1.0,2.0,2.0,1.0,b'IMAGE',b'IMAGE_GRAYSCALE',b'1.2',0,Orca_Camera,False,tweez,0.09,1.5,0.432,15,True,74.94,24,110,True,False,73.7,74.6,20,0.5,10,40,10,10,0.09,0.377,0.43,0.9,35,Z:\Experiments\Sr\Selection_experiment\2024\10\23\0043\2024-10-23_0043_Selection_experiment_049.h5,abs,basler_abs,orca,2.5,0.1,209,28,F:\Experiments\Sr\Selection_experiment\2024\10\23\0043\2024-10-23_0043_Selection_experiment_049.h5,False,True,340,340,Selection_experiment.py,150,True,True,True,1,189,1.0,26.5,30,49,0,2024-10-23 19:00:13.719977+02:00,2024-10-23 18:58:06+02:00,43,75.455,100,True,170,28,True
60,19.7,1,1,1,151.0,185.0,72.0,45.375,44.9375,19.171875,21.1,290.4,287.6,122.7,1531.8281,2053.7148,347.29858,False,60.0,1,0.5,80,28,108,24.0,114,29,114,28,False,73.9,25,100,100,300,73.02,100.1,1.0,16.0,20000.0,2.0,200.0,0.0,1.0,1.0,0.11,200.0,2.0,0.0600048,5.0,20000.0,1.0,2.0,200.0,1.0,0.0,4.6000000000000005,4096.0,2304.0,4.6000000000000005,20000.0,100.0,2.0,200.0,0.0,100.0,1.0,1.0,0.060422399999999994,16.550153585425274,7.2e-06,0.638888888888889,1.0,0.1,1.0,1.0,3.0,1.0,0.0,2.0,0.0009999999999999998,2.0,0.0,2.0,1.0,2.0,256.0,51248.0,916.0,2.0,1.0,-20.0,2308.0,100.0,2.0,792.0,100.0,2.0,5.0,0.0,3.0,0.0004104,2.88e-05,0.0,0.06043679999999999,0.00042479999999999997,1.0,2.0,0.0,3.0,1.0,2.0,2.0,1.0,b'IMAGE',b'IMAGE_GRAYSCALE',b'1.2',0,Orca_Camera,False,tweez,0.09,1.5,0.432,15,True,74.94,24,110,True,False,73.7,74.6,20,0.5,10,40,10,10,0.09,0.377,0.43,0.9,35,Z:\Experiments\Sr\Selection_experiment\2024\10\23\0043\2024-10-23_0043_Selection_experiment_050.h5,abs,basler_abs,orca,2.5,0.1,209,28,F:\Experiments\Sr\Selection_experiment\2024\10\23\0043\2024-10-23_0043_Selection_experiment_050.h5,False,True,340,340,Selection_experiment.py,150,True,True,True,1,189,1.0,26.5,30,50,0,2024-10-23 19:00:16.084699+02:00,2024-10-23 18:58:06+02:00,43,75.455,100,True,170,28,True
60,19.7,1,1,1,194.0,196.0,95.0,38.15625,46.59375,15.4375,24.5,244.2,298.2,98.8,1473.788,1843.4912,298.27734,False,110.0,1,0.5,80,28,108,24.0,114,29,114,28,False,73.9,25,100,100,300,73.02,100.1,1.0,16.0,20000.0,2.0,200.0,0.0,1.0,1.0,0.11,200.0,2.0,0.11000159999999999,5.0,20000.0,1.0,2.0,200.0,1.0,0.0,4.6000000000000005,4096.0,2304.0,4.6000000000000005,20000.0,100.0,2.0,200.0,0.0,100.0,1.0,1.0,0.1104192,9.056395989103345,7.2e-06,0.638888888888889,1.0,0.1,1.0,1.0,3.0,1.0,0.0,2.0,0.0009999999999999998,2.0,0.0,2.0,1.0,2.0,256.0,51248.0,916.0,2.0,1.0,-20.0,2308.0,100.0,2.0,792.0,100.0,2.0,5.0,0.0,3.0,0.0004104,2.88e-05,0.0,0.11043359999999999,0.00042479999999999997,1.0,2.0,0.0,3.0,1.0,2.0,2.0,1.0,b'IMAGE',b'IMAGE_GRAYSCALE',b'1.2',0,Orca_Camera,False,tweez,0.09,1.5,0.432,15,True,74.94,24,110,True,False,73.7,74.6,20,0.5,10,40,10,10,0.09,0.377,0.43,0.9,35,Z:\Experiments\Sr\Selection_experiment\2024\10\23\0043\2024-10-23_0043_Selection_experiment_051.h5,abs,basler_abs,orca,2.5,0.1,209,28,F:\Experiments\Sr\Selection_experiment\2024\10\23\0043\2024-10-23_0043_Selection_experiment_051.h5,False,True,340,340,Selection_experiment.py,150,True,True,True,1,189,1.0,26.5,30,51,0,2024-10-23 19:00:18.501321+02:00,2024-10-23 18:58:06+02:00,43,75.455,100,True,170,28,True
60,19.7,1,1,1,165.0,255.0,104.0,42.046875,48.125,18.734375,45.2,269.1,308.0,119.9,1541.451,2633.0156,367.16382,False,160.0,1,0.5,80,28,108,24.0,114,29,114,28,False,73.9,25,100,100,300,73.02,100.1,1.0,16.0,20000.0,2.0,200.0,0.0,1.0,1.0,0.11,200.0,2.0,0.1600056,5.0,20000.0,1.0,2.0,200.0,1.0,0.0,4.6000000000000005,4096.0,2304.0,4.6000000000000005,20000.0,100.0,2.0,200.0,0.0,100.0,1.0,1.0,0.1604232,6.233512359808308,7.2e-06,0.638888888888889,1.0,0.1,1.0,1.0,3.0,1.0,0.0,2.0,0.0009999999999999998,2.0,0.0,2.0,1.0,2.0,256.0,51248.0,916.0,2.0,1.0,-20.0,2308.0,100.0,2.0,792.0,100.0,2.0,5.0,0.0,3.0,0.0004104,2.88e-05,0.0,0.16043759999999999,0.00042479999999999997,1.0,2.0,0.0,3.0,1.0,2.0,2.0,1.0,b'IMAGE',b'IMAGE_GRAYSCALE',b'1.2',0,Orca_Camera,False,tweez,0.09,1.5,0.432,15,True,74.94,24,110,True,False,73.7,74.6,20,0.5,10,40,10,10,0.09,0.377,0.43,0.9,35,Z:\Experiments\Sr\Selection_experiment\2024\10\23\0043\2024-10-23_0043_Selection_experiment_052.h5,abs,basler_abs,orca,2.5,0.1,209,28,F:\Experiments\Sr\Selection_experiment\2024\10\23\0043\2024-10-23_0043_Selection_experiment_052.h5,False,True,340,340,Selection_experiment.py,150,True,True,True,1,189,1.0,26.5,30,52,0,2024-10-23 19:00:20.956320+02:00,2024-10-23 18:58:06+02:00,43,75.455,100,True,170,28,True
60,19.7,1,1,1,159.0,253.0,116.0,38.15625,48.765625,26.953125,30.1,244.2,312.1,172.5,1392.6318,2809.5854,721.1072,False,210.0,1,0.5,80,28,108,24.0,114,29,114,28,False,73.9,25,100,100,300,73.02,100.1,1.0,16.0,20000.0,2.0,200.0,0.0,1.0,1.0,0.11,200.0,2.0,0.21000239999999998,5.0,20000.0,1.0,2.0,200.0,1.0,0.0,4.6000000000000005,4096.0,2304.0,4.6000000000000005,20000.0,100.0,2.0,200.0,0.0,100.0,1.0,1.0,0.21042,4.7523999619808,7.2e-06,0.638888888888889,1.0,0.1,1.0,1.0,3.0,1.0,0.0,2.0,0.0009999999999999998,2.0,0.0,2.0,1.0,2.0,256.0,51248.0,916.0,2.0,1.0,-20.0,2308.0,100.0,2.0,792.0,100.0,2.0,5.0,0.0,3.0,0.0004104,2.88e-05,0.0,0.2104344,0.00042479999999999997,1.0,2.0,0.0,3.0,1.0,2.0,2.0,1.0,b'IMAGE',b'IMAGE_GRAYSCALE',b'1.2',0,Orca_Camera,False,tweez,0.09,1.5,0.432,15,True,74.94,24,110,True,False,73.7,74.6,20,0.5,10,40,10,10,0.09,0.377,0.43,0.9,35,Z:\Experiments\Sr\Selection_experiment\2024\10\23\0043\2024-10-23_0043_Selection_experiment_053.h5,abs,basler_abs,orca,2.5,0.1,209,28,F:\Experiments\Sr\Selection_experiment\2024\10\23\0043\2024-10-23_0043_Selection_experiment_053.h5,False,True,340,340,Selection_experiment.py,150,True,True,True,1,189,1.0,26.5,30,53,0,2024-10-23 19:00:23.384940+02:00,2024-10-23 18:58:06+02:00,43,75.455,100,True,170,28,True
60,19.7,1,1,1,329.0,178.0,109.0,54.90625,43.46875,23.140625,31.9,351.4,278.2,148.1,3074.0222,1648.749,483.68332,False,260.0,1,0.5,80,28,108,24.0,114,29,114,28,False,73.9,25,100,100,300,73.02,100.1,1.0,16.0,20000.0,2.0,200.0,0.0,1.0,1.0,0.11,200.0,2.0,0.26000639999999997,5.0,20000.0,1.0,2.0,200.0,1.0,0.0,4.6000000000000005,4096.0,2304.0,4.6000000000000005,20000.0,100.0,2.0,200.0,0.0,100.0,1.0,1.0,0.260424,3.8398918686449792,7.2e-06,0.638888888888889,1.0,0.1,1.0,1.0,3.0,1.0,0.0,2.0,0.0009999999999999998,2.0,0.0,2.0,1.0,2.0,256.0,51248.0,916.0,2.0,1.0,-20.0,2308.0,100.0,2.0,792.0,100.0,2.0,5.0,0.0,3.0,0.0004104,2.88e-05,0.0,0.2604384,0.00042479999999999997,1.0,2.0,0.0,3.0,1.0,2.0,2.0,1.0,b'IMAGE',b'IMAGE_GRAYSCALE',b'1.2',0,Orca_Camera,False,tweez,0.09,1.5,0.432,15,True,74.94,24,110,True,False,73.7,74.6,20,0.5,10,40,10,10,0.09,0.377,0.43,0.9,35,Z:\Experiments\Sr\Selection_experiment\2024\10\23\0043\2024-10-23_0043_Selection_experiment_054.h5,abs,basler_abs,orca,2.5,0.1,209,28,F:\Experiments\Sr\Selection_experiment\2024\10\23\0043\2024-10-23_0043_Selection_experiment_054.h5,False,True,340,340,Selection_experiment.py,150,True,True,True,1,189,1.0,26.5,30,54,0,2024-10-23 19:00:25.877959+02:00,2024-10-23 18:58:06+02:00,43,75.455,100,True,170,28,True
60,19.7,1,1,1,320.0,258.0,65.0,51.234375,44.15625,19.265625,42.9,327.9,282.6,123.3,2724.3042,2310.2256,355.38257,False,310.0,1,0.5,80,28,108,24.0,114,29,114,28,False,73.9,25,100,100,300,73.02,100.1,1.0,16.0,20000.0,2.0,200.0,0.0,1.0,1.0,0.11,200.0,2.0,0.3100032,5.0,20000.0,1.0,2.0,200.0,1.0,0.0,4.6000000000000005,4096.0,2304.0,4.6000000000000005,20000.0,100.0,2.0,200.0,0.0,100.0,1.0,1.0,0.3104208,3.2214336152732033,7.2e-06,0.638888888888889,1.0,0.1,1.0,1.0,3.0,1.0,0.0,2.0,0.0009999999999999998,2.0,0.0,2.0,1.0,2.0,256.0,51248.0,916.0,2.0,1.0,-20.0,2308.0,100.0,2.0,792.0,100.0,2.0,5.0,0.0,3.0,0.0004104,2.88e-05,0.0,0.3104352,0.00042479999999999997,1.0,2.0,0.0,3.0,1.0,2.0,2.0,1.0,b'IMAGE',b'IMAGE_GRAYSCALE',b'1.2',0,Orca_Camera,False,tweez,0.09,1.5,0.432,15,True,74.94,24,110,True,False,73.7,74.6,20,0.5,10,40,10,10,0.09,0.377,0.43,0.9,35,Z:\Experiments\Sr\Selection_experiment\2024\10\23\0043\2024-10-23_0043_Selection_experiment_055.h5,abs,basler_abs,orca,2.5,0.1,209,28,F:\Experiments\Sr\Selection_experiment\2024\10\23\0043\2024-10-23_0043_Selection_experiment_055.h5,False,True,340,340,Selection_experiment.py,150,True,True,True,1,189,1.0,26.5,30,55,0,2024-10-23 19:00:28.806038+02:00,2024-10-23 18:58:06+02:00,43,75.455,100,True,170,28,True
60,19.7,1,1,1,139.0,104.0,47.0,23.84375,19.859375,10.546875,8.8,152.6,127.1,67.5,770.94434,466.7146,139.02905,False,10.0,1,0.5,80,28,108,26.0,114,29,114,28,False,73.9,25,100,100,300,73.02,100.1,1.0,16.0,20000.0,2.0,200.0,0.0,1.0,1.0,0.11,200.0,2.0,0.010000799999999999,5.0,20000.0,1.0,2.0,200.0,1.0,0.0,4.6000000000000005,4096.0,2304.0,4.6000000000000005,20000.0,100.0,2.0,200.0,0.0,100.0,1.0,1.0,0.0104184,95.98402825769793,7.2e-06,0.638888888888889,1.0,0.1,1.0,1.0,3.0,1.0,0.0,2.0,0.0009999999999999998,2.0,0.0,2.0,1.0,2.0,256.0,51248.0,916.0,2.0,1.0,-20.0,2308.0,100.0,2.0,792.0,100.0,2.0,5.0,0.0,3.0,0.0004104,2.88e-05,0.0,0.010432799999999999,0.00042479999999999997,1.0,2.0,0.0,3.0,1.0,2.0,2.0,1.0,b'IMAGE',b'IMAGE_GRAYSCALE',b'1.2',0,Orca_Camera,False,tweez,0.09,1.5,0.432,15,True,74.94,24,110,True,False,73.7,74.6,20,0.5,10,40,10,10,0.09,0.377,0.43,0.9,35,Z:\Experiments\Sr\Selection_experiment\2024\10\23\0043\2024-10-23_0043_Selection_experiment_056.h5,abs,basler_abs,orca,2.5,0.1,209,28,F:\Experiments\Sr\Selection_experiment\2024\10\23\0043\2024-10-23_0043_Selection_experiment_056.h5,False,True,340,340,Selection_experiment.py,150,True,True,True,1,189,1.0,26.5,30,56,0,2024-10-23 19:00:31.816969+02:00,2024-10-23 18:58:06+02:00,43,75.455,100,True,170,28,True
60,19.7,1,1,1,173.0,264.0,49.0,39.453125,39.078125,8.765625,22.8,252.5,250.1,56.1,1347.154,2166.3845,146.0857,False,60.0,1,0.5,80,28,108,26.0,114,29,114,28,False,73.9,25,100,100,300,73.02,100.1,1.0,16.0,20000.0,2.0,200.0,0.0,1.0,1.0,0.11,200.0,2.0,0.0600048,5.0,20000.0,1.0,2.0,200.0,1.0,0.0,4.6000000000000005,4096.0,2304.0,4.6000000000000005,20000.0,100.0,2.0,200.0,0.0,100.0,1.0,1.0,0.060422399999999994,16.550153585425274,7.2e-06,0.638888888888889,1.0,0.1,1.0,1.0,3.0,1.0,0.0,2.0,0.0009999999999999998,2.0,0.0,2.0,1.0,2.0,256.0,51248.0,916.0,2.0,1.0,-20.0,2308.0,100.0,2.0,792.0,100.0,2.0,5.0,0.0,3.0,0.0004104,2.88e-05,0.0,0.06043679999999999,0.00042479999999999997,1.0,2.0,0.0,3.0,1.0,2.0,2.0,1.0,b'IMAGE',b'IMAGE_GRAYSCALE',b'1.2',0,Orca_Camera,False,tweez,0.09,1.5,0.432,15,True,74.94,24,110,True,False,73.7,74.6,20,0.5,10,40,10,10,0.09,0.377,0.43,0.9,35,Z:\Experiments\Sr\Selection_experiment\2024\10\23\0043\2024-10-23_0043_Selection_experiment_057.h5,abs,basler_abs,orca,2.5,0.1,209,28,F:\Experiments\Sr\Selection_experiment\2024\10\23\0043\2024-10-23_0043_Selection_experiment_057.h5,False,True,340,340,Selection_experiment.py,150,True,True,True,1,189,1.0,26.5,30,57,0,2024-10-23 19:00:34.211009+02:00,2024-10-23 18:58:06+02:00,43,75.455,100,True,170,28,True
60,19.7,1,1,1,253.0,286.0,106.0,52.40625,49.953125,20.0625,30.9,335.4,319.7,128.4,2250.9912,2723.2944,414.90234,False,110.0,1,0.5,80,28,108,26.0,114,29,114,28,False,73.9,25,100,100,300,73.02,100.1,1.0,16.0,20000.0,2.0,200.0,0.0,1.0,1.0,0.11,200.0,2.0,0.11000159999999999,5.0,20000.0,1.0,2.0,200.0,1.0,0.0,4.6000000000000005,4096.0,2304.0,4.6000000000000005,20000.0,100.0,2.0,200.0,0.0,100.0,1.0,1.0,0.1104192,9.056395989103345,7.2e-06,0.638888888888889,1.0,0.1,1.0,1.0,3.0,1.0,0.0,2.0,0.0009999999999999998,2.0,0.0,2.0,1.0,2.0,256.0,51248.0,916.0,2.0,1.0,-20.0,2308.0,100.0,2.0,792.0,100.0,2.0,5.0,0.0,3.0,0.0004104,2.88e-05,0.0,0.11043359999999999,0.00042479999999999997,1.0,2.0,0.0,3.0,1.0,2.0,2.0,1.0,b'IMAGE',b'IMAGE_GRAYSCALE',b'1.2',0,Orca_Camera,False,tweez,0.09,1.5,0.432,15,True,74.94,24,110,True,False,73.7,74.6,20,0.5,10,40,10,10,0.09,0.377,0.43,0.9,35,Z:\Experiments\Sr\Selection_experiment\2024\10\23\0043\2024-10-23_0043_Selection_experiment_058.h5,abs,basler_abs,orca,2.5,0.1,209,28,F:\Experiments\Sr\Selection_experiment\2024\10\23\0043\2024-10-23_0043_Selection_experiment_058.h5,False,True,340,340,Selection_experiment.py,150,True,True,True,1,189,1.0,26.5,30,58,0,2024-10-23 19:00:36.634550+02:00,2024-10-23 18:58:06+02:00,43,75.455,100,True,170,28,True
60,19.7,1,1,1,199.0,258.0,137.0,53.625,57.5,17.65625,31.0,343.2,368.0,113.0,2356.8594,2960.5938,393.0381,False,160.0,1,0.5,80,28,108,26.0,114,29,114,28,False,73.9,25,100,100,300,73.02,100.1,1.0,16.0,20000.0,2.0,200.0,0.0,1.0,1.0,0.11,200.0,2.0,0.1600056,5.0,20000.0,1.0,2.0,200.0,1.0,0.0,4.6000000000000005,4096.0,2304.0,4.6000000000000005,20000.0,100.0,2.0,200.0,0.0,100.0,1.0,1.0,0.1604232,6.233512359808308,7.2e-06,0.638888888888889,1.0,0.1,1.0,1.0,3.0,1.0,0.0,2.0,0.0009999999999999998,2.0,0.0,2.0,1.0,2.0,256.0,51248.0,916.0,2.0,1.0,-20.0,2308.0,100.0,2.0,792.0,100.0,2.0,5.0,0.0,3.0,0.0004104,2.88e-05,0.0,0.16043759999999999,0.00042479999999999997,1.0,2.0,0.0,3.0,1.0,2.0,2.0,1.0,b'IMAGE',b'IMAGE_GRAYSCALE',b'1.2',0,Orca_Camera,False,tweez,0.09,1.5,0.432,15,True,74.94,24,110,True,False,73.7,74.6,20,0.5,10,40,10,10,0.09,0.377,0.43,0.9,35,Z:\Experiments\Sr\Selection_experiment\2024\10\23\0043\2024-10-23_0043_Selection_experiment_059.h5,abs,basler_abs,orca,2.5,0.1,209,28,F:\Experiments\Sr\Selection_experiment\2024\10\23\0043\2024-10-23_0043_Selection_experiment_059.h5,False,True,340,340,Selection_experiment.py,150,True,True,True,1,189,1.0,26.5,30,59,0,2024-10-23 19:00:39.118549+02:00,2024-10-23 18:58:06+02:00,43,75.455,100,True,170,28,True
60,19.7,1,1,1,194.0,243.0,88.0,46.828125,54.640625,16.046875,27.6,299.7,349.7,102.7,1769.2361,3033.1675,266.23218,False,210.0,1,0.5,80,28,108,26.0,114,29,114,28,False,73.9,25,100,100,300,73.02,100.1,1.0,16.0,20000.0,2.0,200.0,0.0,1.0,1.0,0.11,200.0,2.0,0.21000239999999998,5.0,20000.0,1.0,2.0,200.0,1.0,0.0,4.6000000000000005,4096.0,2304.0,4.6000000000000005,20000.0,100.0,2.0,200.0,0.0,100.0,1.0,1.0,0.21042,4.7523999619808,7.2e-06,0.638888888888889,1.0,0.1,1.0,1.0,3.0,1.0,0.0,2.0,0.0009999999999999998,2.0,0.0,2.0,1.0,2.0,256.0,51248.0,916.0,2.0,1.0,-20.0,2308.0,100.0,2.0,792.0,100.0,2.0,5.0,0.0,3.0,0.0004104,2.88e-05,0.0,0.2104344,0.00042479999999999997,1.0,2.0,0.0,3.0,1.0,2.0,2.0,1.0,b'IMAGE',b'IMAGE_GRAYSCALE',b'1.2',0,Orca_Camera,False,tweez,0.09,1.5,0.432,15,True,74.94,24,110,True,False,73.7,74.6,20,0.5,10,40,10,10,0.09,0.377,0.43,0.9,35,Z:\Experiments\Sr\Selection_experiment\2024\10\23\0043\2024-10-23_0043_Selection_experiment_060.h5,abs,basler_abs,orca,2.5,0.1,209,28,F:\Experiments\Sr\Selection_experiment\2024\10\23\0043\2024-10-23_0043_Selection_experiment_060.h5,False,True,340,340,Selection_experiment.py,150,True,True,True,1,189,1.0,26.5,30,60,0,2024-10-23 19:00:41.528239+02:00,2024-10-23 18:58:06+02:00,43,75.455,100,True,170,28,True
60,19.7,1,1,1,247.0,298.0,100.0,56.359375,50.65625,22.40625,37.6,360.7,324.2,143.4,2809.0737,3247.0693,515.6787,False,260.0,1,0.5,80,28,108,26.0,114,29,114,28,False,73.9,25,100,100,300,73.02,100.1,1.0,16.0,20000.0,2.0,200.0,0.0,1.0,1.0,0.11,200.0,2.0,0.26000639999999997,5.0,20000.0,1.0,2.0,200.0,1.0,0.0,4.6000000000000005,4096.0,2304.0,4.6000000000000005,20000.0,100.0,2.0,200.0,0.0,100.0,1.0,1.0,0.260424,3.8398918686449792,7.2e-06,0.638888888888889,1.0,0.1,1.0,1.0,3.0,1.0,0.0,2.0,0.0009999999999999998,2.0,0.0,2.0,1.0,2.0,256.0,51248.0,916.0,2.0,1.0,-20.0,2308.0,100.0,2.0,792.0,100.0,2.0,5.0,0.0,3.0,0.0004104,2.88e-05,0.0,0.2604384,0.00042479999999999997,1.0,2.0,0.0,3.0,1.0,2.0,2.0,1.0,b'IMAGE',b'IMAGE_GRAYSCALE',b'1.2',0,Orca_Camera,False,tweez,0.09,1.5,0.432,15,True,74.94,24,110,True,False,73.7,74.6,20,0.5,10,40,10,10,0.09,0.377,0.43,0.9,35,Z:\Experiments\Sr\Selection_experiment\2024\10\23\0043\2024-10-23_0043_Selection_experiment_061.h5,abs,basler_abs,orca,2.5,0.1,209,28,F:\Experiments\Sr\Selection_experiment\2024\10\23\0043\2024-10-23_0043_Selection_experiment_061.h5,False,True,340,340,Selection_experiment.py,150,True,True,True,1,189,1.0,26.5,30,61,0,2024-10-23 19:00:43.909256+02:00,2024-10-23 18:58:06+02:00,43,75.455,100,True,170,28,True
60,19.7,1,1,1,222.0,213.0,67.0,41.96875,44.203125,13.609375,42.3,268.6,282.9,87.1,1781.6865,1441.9119,241.61304,False,310.0,1,0.5,80,28,108,26.0,114,29,114,28,False,73.9,25,100,100,300,73.02,100.1,1.0,16.0,20000.0,2.0,200.0,0.0,1.0,1.0,0.11,200.0,2.0,0.3100032,5.0,20000.0,1.0,2.0,200.0,1.0,0.0,4.6000000000000005,4096.0,2304.0,4.6000000000000005,20000.0,100.0,2.0,200.0,0.0,100.0,1.0,1.0,0.3104208,3.2214336152732033,7.2e-06,0.638888888888889,1.0,0.1,1.0,1.0,3.0,1.0,0.0,2.0,0.0009999999999999998,2.0,0.0,2.0,1.0,2.0,256.0,51248.0,916.0,2.0,1.0,-20.0,2308.0,100.0,2.0,792.0,100.0,2.0,5.0,0.0,3.0,0.0004104,2.88e-05,0.0,0.3104352,0.00042479999999999997,1.0,2.0,0.0,3.0,1.0,2.0,2.0,1.0,b'IMAGE',b'IMAGE_GRAYSCALE',b'1.2',0,Orca_Camera,False,tweez,0.09,1.5,0.432,15,True,74.94,24,110,True,False,73.7,74.6,20,0.5,10,40,10,10,0.09,0.377,0.43,0.9,35,Z:\Experiments\Sr\Selection_experiment\2024\10\23\0043\2024-10-23_0043_Selection_experiment_062.h5,abs,basler_abs,orca,2.5,0.1,209,28,F:\Experiments\Sr\Selection_experiment\2024\10\23\0043\2024-10-23_0043_Selection_experiment_062.h5,False,True,340,340,Selection_experiment.py,150,True,True,True,1,189,1.0,26.5,30,62,0,2024-10-23 19:00:46.866285+02:00,2024-10-23 18:58:06+02:00,43,75.455,100,True,170,28,True
60,19.7,0,0,0,12.0,14.0,19.0,0.984375,0.796875,0.921875,12.7,6.3,5.1,5.9,20.67163,16.911865,24.040771,False,10.0,1,0.5,80,28,108,10.0,114,29,114,28,False,73.9,25,100,100,300,73.02,100.1,1.0,16.0,20000.0,2.0,200.0,0.0,1.0,1.0,0.11,200.0,2.0,0.010000799999999999,5.0,20000.0,1.0,2.0,200.0,1.0,0.0,4.6000000000000005,4096.0,2304.0,4.6000000000000005,20000.0,100.0,2.0,200.0,0.0,100.0,1.0,1.0,0.0104184,95.98402825769793,7.2e-06,0.638888888888889,1.0,0.1,1.0,1.0,3.0,1.0,0.0,2.0,0.0009999999999999998,2.0,0.0,2.0,1.0,2.0,256.0,51248.0,916.0,2.0,1.0,-20.0,2308.0,100.0,2.0,792.0,100.0,2.0,5.0,0.0,3.0,0.0004104,2.88e-05,0.0,0.010432799999999999,0.00042479999999999997,1.0,2.0,0.0,3.0,1.0,2.0,2.0,1.0,b'IMAGE',b'IMAGE_GRAYSCALE',b'1.2',0,Orca_Camera,False,tweez,0.09,1.5,0.432,15,True,74.94,24,110,True,False,73.7,74.6,20,0.5,10,40,10,10,0.09,0.377,0.43,0.9,35,Z:\Experiments\Sr\Selection_experiment\2024\10\23\0043\2024-10-23_0043_Selection_experiment_063.h5,abs,basler_abs,orca,2.5,0.1,209,28,F:\Experiments\Sr\Selection_experiment\2024\10\23\0043\2024-10-23_0043_Selection_experiment_063.h5,False,True,340,340,Selection_experiment.py,150,True,True,True,1,189,1.0,26.5,30,63,0,2024-10-23 19:00:49.830614+02:00,2024-10-23 18:58:06+02:00,43,75.455,100,True,170,28,True
60,19.7,0,0,0,23.0,26.0,25.0,2.890625,4.09375,2.3125,15.8,18.5,26.2,14.8,37.784912,50.39746,38.527344,False,60.0,1,0.5,80,28,108,10.0,114,29,114,28,False,73.9,25,100,100,300,73.02,100.1,1.0,16.0,20000.0,2.0,200.0,0.0,1.0,1.0,0.11,200.0,2.0,0.0600048,5.0,20000.0,1.0,2.0,200.0,1.0,0.0,4.6000000000000005,4096.0,2304.0,4.6000000000000005,20000.0,100.0,2.0,200.0,0.0,100.0,1.0,1.0,0.060422399999999994,16.550153585425274,7.2e-06,0.638888888888889,1.0,0.1,1.0,1.0,3.0,1.0,0.0,2.0,0.0009999999999999998,2.0,0.0,2.0,1.0,2.0,256.0,51248.0,916.0,2.0,1.0,-20.0,2308.0,100.0,2.0,792.0,100.0,2.0,5.0,0.0,3.0,0.0004104,2.88e-05,0.0,0.06043679999999999,0.00042479999999999997,1.0,2.0,0.0,3.0,1.0,2.0,2.0,1.0,b'IMAGE',b'IMAGE_GRAYSCALE',b'1.2',0,Orca_Camera,False,tweez,0.09,1.5,0.432,15,True,74.94,24,110,True,False,73.7,74.6,20,0.5,10,40,10,10,0.09,0.377,0.43,0.9,35,Z:\Experiments\Sr\Selection_experiment\2024\10\23\0043\2024-10-23_0043_Selection_experiment_064.h5,abs,basler_abs,orca,2.5,0.1,209,28,F:\Experiments\Sr\Selection_experiment\2024\10\23\0043\2024-10-23_0043_Selection_experiment_064.h5,False,True,340,340,Selection_experiment.py,150,True,True,True,1,189,1.0,26.5,30,64,0,2024-10-23 19:00:52.291474+02:00,2024-10-23 18:58:06+02:00,43,75.455,100,True,170,28,True
60,19.7,0,0,0,38.0,33.0,30.0,4.25,5.15625,4.265625,23.8,27.2,33.0,27.3,76.40625,63.038086,62.10132,False,110.0,1,0.5,80,28,108,10.0,114,29,114,28,False,73.9,25,100,100,300,73.02,100.1,1.0,16.0,20000.0,2.0,200.0,0.0,1.0,1.0,0.11,200.0,2.0,0.11000159999999999,5.0,20000.0,1.0,2.0,200.0,1.0,0.0,4.6000000000000005,4096.0,2304.0,4.6000000000000005,20000.0,100.0,2.0,200.0,0.0,100.0,1.0,1.0,0.1104192,9.056395989103345,7.2e-06,0.638888888888889,1.0,0.1,1.0,1.0,3.0,1.0,0.0,2.0,0.0009999999999999998,2.0,0.0,2.0,1.0,2.0,256.0,51248.0,916.0,2.0,1.0,-20.0,2308.0,100.0,2.0,792.0,100.0,2.0,5.0,0.0,3.0,0.0004104,2.88e-05,0.0,0.11043359999999999,0.00042479999999999997,1.0,2.0,0.0,3.0,1.0,2.0,2.0,1.0,b'IMAGE',b'IMAGE_GRAYSCALE',b'1.2',0,Orca_Camera,False,tweez,0.09,1.5,0.432,15,True,74.94,24,110,True,False,73.7,74.6,20,0.5,10,40,10,10,0.09,0.377,0.43,0.9,35,Z:\Experiments\Sr\Selection_experiment\2024\10\23\0043\2024-10-23_0043_Selection_experiment_065.h5,abs,basler_abs,orca,2.5,0.1,209,28,F:\Experiments\Sr\Selection_experiment\2024\10\23\0043\2024-10-23_0043_Selection_experiment_065.h5,False,True,340,340,Selection_experiment.py,150,True,True,True,1,189,1.0,26.5,30,65,0,2024-10-23 19:00:54.706778+02:00,2024-10-23 18:58:06+02:00,43,75.455,100,True,170,28,True
60,19.7,0,0,0,33.0,35.0,29.0,4.8125,4.796875,3.109375,31.8,30.8,30.7,19.9,60.058594,56.693115,50.784912,False,160.0,1,0.5,80,28,108,10.0,114,29,114,28,False,73.9,25,100,100,300,73.02,100.1,1.0,16.0,20000.0,2.0,200.0,0.0,1.0,1.0,0.11,200.0,2.0,0.1600056,5.0,20000.0,1.0,2.0,200.0,1.0,0.0,4.6000000000000005,4096.0,2304.0,4.6000000000000005,20000.0,100.0,2.0,200.0,0.0,100.0,1.0,1.0,0.1604232,6.233512359808308,7.2e-06,0.638888888888889,1.0,0.1,1.0,1.0,3.0,1.0,0.0,2.0,0.0009999999999999998,2.0,0.0,2.0,1.0,2.0,256.0,51248.0,916.0,2.0,1.0,-20.0,2308.0,100.0,2.0,792.0,100.0,2.0,5.0,0.0,3.0,0.0004104,2.88e-05,0.0,0.16043759999999999,0.00042479999999999997,1.0,2.0,0.0,3.0,1.0,2.0,2.0,1.0,b'IMAGE',b'IMAGE_GRAYSCALE',b'1.2',0,Orca_Camera,False,tweez,0.09,1.5,0.432,15,True,74.94,24,110,True,False,73.7,74.6,20,0.5,10,40,10,10,0.09,0.377,0.43,0.9,35,Z:\Experiments\Sr\Selection_experiment\2024\10\23\0043\2024-10-23_0043_Selection_experiment_066.h5,abs,basler_abs,orca,2.5,0.1,209,28,F:\Experiments\Sr\Selection_experiment\2024\10\23\0043\2024-10-23_0043_Selection_experiment_066.h5,False,True,340,340,Selection_experiment.py,150,True,True,True,1,189,1.0,26.5,30,66,0,2024-10-23 19:00:57.134154+02:00,2024-10-23 18:58:06+02:00,43,75.455,100,True,170,28,True
60,19.7,1,1,0,42.0,38.0,35.0,7.296875,6.265625,4.21875,28.8,46.7,40.1,27.0,79.67749,97.25757,56.2959,False,210.0,1,0.5,80,28,108,10.0,114,29,114,28,False,73.9,25,100,100,300,73.02,100.1,1.0,16.0,20000.0,2.0,200.0,0.0,1.0,1.0,0.11,200.0,2.0,0.21000239999999998,5.0,20000.0,1.0,2.0,200.0,1.0,0.0,4.6000000000000005,4096.0,2304.0,4.6000000000000005,20000.0,100.0,2.0,200.0,0.0,100.0,1.0,1.0,0.21042,4.7523999619808,7.2e-06,0.638888888888889,1.0,0.1,1.0,1.0,3.0,1.0,0.0,2.0,0.0009999999999999998,2.0,0.0,2.0,1.0,2.0,256.0,51248.0,916.0,2.0,1.0,-20.0,2308.0,100.0,2.0,792.0,100.0,2.0,5.0,0.0,3.0,0.0004104,2.88e-05,0.0,0.2104344,0.00042479999999999997,1.0,2.0,0.0,3.0,1.0,2.0,2.0,1.0,b'IMAGE',b'IMAGE_GRAYSCALE',b'1.2',0,Orca_Camera,False,tweez,0.09,1.5,0.432,15,True,74.94,24,110,True,False,73.7,74.6,20,0.5,10,40,10,10,0.09,0.377,0.43,0.9,35,Z:\Experiments\Sr\Selection_experiment\2024\10\23\0043\2024-10-23_0043_Selection_experiment_067.h5,abs,basler_abs,orca,2.5,0.1,209,28,F:\Experiments\Sr\Selection_experiment\2024\10\23\0043\2024-10-23_0043_Selection_experiment_067.h5,False,True,340,340,Selection_experiment.py,150,True,True,True,1,189,1.0,26.5,30,67,0,2024-10-23 19:00:59.576358+02:00,2024-10-23 18:58:06+02:00,43,75.455,100,True,170,28,True
60,19.7,0,1,0,34.0,44.0,31.0,5.8125,9.234375,6.09375,43.5,37.2,59.1,39.0,60.089844,108.39819,64.02246,False,260.0,1,0.5,80,28,108,10.0,114,29,114,28,False,73.9,25,100,100,300,73.02,100.1,1.0,16.0,20000.0,2.0,200.0,0.0,1.0,1.0,0.11,200.0,2.0,0.26000639999999997,5.0,20000.0,1.0,2.0,200.0,1.0,0.0,4.6000000000000005,4096.0,2304.0,4.6000000000000005,20000.0,100.0,2.0,200.0,0.0,100.0,1.0,1.0,0.260424,3.8398918686449792,7.2e-06,0.638888888888889,1.0,0.1,1.0,1.0,3.0,1.0,0.0,2.0,0.0009999999999999998,2.0,0.0,2.0,1.0,2.0,256.0,51248.0,916.0,2.0,1.0,-20.0,2308.0,100.0,2.0,792.0,100.0,2.0,5.0,0.0,3.0,0.0004104,2.88e-05,0.0,0.2604384,0.00042479999999999997,1.0,2.0,0.0,3.0,1.0,2.0,2.0,1.0,b'IMAGE',b'IMAGE_GRAYSCALE',b'1.2',0,Orca_Camera,False,tweez,0.09,1.5,0.432,15,True,74.94,24,110,True,False,73.7,74.6,20,0.5,10,40,10,10,0.09,0.377,0.43,0.9,35,Z:\Experiments\Sr\Selection_experiment\2024\10\23\0043\2024-10-23_0043_Selection_experiment_068.h5,abs,basler_abs,orca,2.5,0.1,209,28,F:\Experiments\Sr\Selection_experiment\2024\10\23\0043\2024-10-23_0043_Selection_experiment_068.h5,False,True,340,340,Selection_experiment.py,150,True,True,True,1,189,1.0,26.5,30,68,0,2024-10-23 19:01:02.071095+02:00,2024-10-23 18:58:06+02:00,43,75.455,100,True,170,28,True
60,19.7,1,1,1,32.0,46.0,38.0,9.296875,9.59375,6.28125,39.9,59.5,61.4,40.2,93.70874,109.95996,73.51465,False,310.0,1,0.5,80,28,108,10.0,114,29,114,28,False,73.9,25,100,100,300,73.02,100.1,1.0,16.0,20000.0,2.0,200.0,0.0,1.0,1.0,0.11,200.0,2.0,0.3100032,5.0,20000.0,1.0,2.0,200.0,1.0,0.0,4.6000000000000005,4096.0,2304.0,4.6000000000000005,20000.0,100.0,2.0,200.0,0.0,100.0,1.0,1.0,0.3104208,3.2214336152732033,7.2e-06,0.638888888888889,1.0,0.1,1.0,1.0,3.0,1.0,0.0,2.0,0.0009999999999999998,2.0,0.0,2.0,1.0,2.0,256.0,51248.0,916.0,2.0,1.0,-20.0,2308.0,100.0,2.0,792.0,100.0,2.0,5.0,0.0,3.0,0.0004104,2.88e-05,0.0,0.3104352,0.00042479999999999997,1.0,2.0,0.0,3.0,1.0,2.0,2.0,1.0,b'IMAGE',b'IMAGE_GRAYSCALE',b'1.2',0,Orca_Camera,False,tweez,0.09,1.5,0.432,15,True,74.94,24,110,True,False,73.7,74.6,20,0.5,10,40,10,10,0.09,0.377,0.43,0.9,35,Z:\Experiments\Sr\Selection_experiment\2024\10\23\0043\2024-10-23_0043_Selection_experiment_069.h5,abs,basler_abs,orca,2.5,0.1,209,28,F:\Experiments\Sr\Selection_experiment\2024\10\23\0043\2024-10-23_0043_Selection_experiment_069.h5,False,True,340,340,Selection_experiment.py,150,True,True,True,1,189,1.0,26.5,30,69,0,2024-10-23 19:01:05.036362+02:00,2024-10-23 18:58:06+02:00,43,75.455,100,True,170,28,True
60,19.7,0,0,0,11.0,18.0,12.0,0.9375,1.15625,0.375,14.3,6.0,7.4,2.4,15.246094,23.850586,18.671875,False,10.0,1,0.5,80,28,108,12.0,114,29,114,28,False,73.9,25,100,100,300,73.02,100.1,1.0,16.0,20000.0,2.0,200.0,0.0,1.0,1.0,0.11,200.0,2.0,0.010000799999999999,5.0,20000.0,1.0,2.0,200.0,1.0,0.0,4.6000000000000005,4096.0,2304.0,4.6000000000000005,20000.0,100.0,2.0,200.0,0.0,100.0,1.0,1.0,0.0104184,95.98402825769793,7.2e-06,0.638888888888889,1.0,0.1,1.0,1.0,3.0,1.0,0.0,2.0,0.0009999999999999998,2.0,0.0,2.0,1.0,2.0,256.0,51248.0,916.0,2.0,1.0,-20.0,2308.0,100.0,2.0,792.0,100.0,2.0,5.0,0.0,3.0,0.0004104,2.88e-05,0.0,0.010432799999999999,0.00042479999999999997,1.0,2.0,0.0,3.0,1.0,2.0,2.0,1.0,b'IMAGE',b'IMAGE_GRAYSCALE',b'1.2',0,Orca_Camera,False,tweez,0.09,1.5,0.432,15,True,74.94,24,110,True,False,73.7,74.6,20,0.5,10,40,10,10,0.09,0.377,0.43,0.9,35,Z:\Experiments\Sr\Selection_experiment\2024\10\23\0043\2024-10-23_0043_Selection_experiment_070.h5,abs,basler_abs,orca,2.5,0.1,209,28,F:\Experiments\Sr\Selection_experiment\2024\10\23\0043\2024-10-23_0043_Selection_experiment_070.h5,False,True,340,340,Selection_experiment.py,150,True,True,True,1,189,1.0,26.5,30,70,0,2024-10-23 19:01:08.022540+02:00,2024-10-23 18:58:06+02:00,43,75.455,100,True,170,28,True
60,19.7,0,0,0,22.0,19.0,23.0,3.375,2.859375,2.09375,10.6,21.6,18.3,13.4,45.953125,29.80835,42.42871,False,60.0,1,0.5,80,28,108,12.0,114,29,114,28,False,73.9,25,100,100,300,73.02,100.1,1.0,16.0,20000.0,2.0,200.0,0.0,1.0,1.0,0.11,200.0,2.0,0.0600048,5.0,20000.0,1.0,2.0,200.0,1.0,0.0,4.6000000000000005,4096.0,2304.0,4.6000000000000005,20000.0,100.0,2.0,200.0,0.0,100.0,1.0,1.0,0.060422399999999994,16.550153585425274,7.2e-06,0.638888888888889,1.0,0.1,1.0,1.0,3.0,1.0,0.0,2.0,0.0009999999999999998,2.0,0.0,2.0,1.0,2.0,256.0,51248.0,916.0,2.0,1.0,-20.0,2308.0,100.0,2.0,792.0,100.0,2.0,5.0,0.0,3.0,0.0004104,2.88e-05,0.0,0.06043679999999999,0.00042479999999999997,1.0,2.0,0.0,3.0,1.0,2.0,2.0,1.0,b'IMAGE',b'IMAGE_GRAYSCALE',b'1.2',0,Orca_Camera,False,tweez,0.09,1.5,0.432,15,True,74.94,24,110,True,False,73.7,74.6,20,0.5,10,40,10,10,0.09,0.377,0.43,0.9,35,Z:\Experiments\Sr\Selection_experiment\2024\10\23\0043\2024-10-23_0043_Selection_experiment_071.h5,abs,basler_abs,orca,2.5,0.1,209,28,F:\Experiments\Sr\Selection_experiment\2024\10\23\0043\2024-10-23_0043_Selection_experiment_071.h5,False,True,340,340,Selection_experiment.py,150,True,True,True,1,189,1.0,26.5,30,71,0,2024-10-23 19:01:10.457379+02:00,2024-10-23 18:58:06+02:00,43,75.455,100,True,170,28,True
60,19.7,0,0,0,33.0,35.0,28.0,4.640625,5.25,4.671875,25.9,29.7,33.6,29.9,76.323975,78.0,55.37671,False,110.0,1,0.5,80,28,108,12.0,114,29,114,28,False,73.9,25,100,100,300,73.02,100.1,1.0,16.0,20000.0,2.0,200.0,0.0,1.0,1.0,0.11,200.0,2.0,0.11000159999999999,5.0,20000.0,1.0,2.0,200.0,1.0,0.0,4.6000000000000005,4096.0,2304.0,4.6000000000000005,20000.0,100.0,2.0,200.0,0.0,100.0,1.0,1.0,0.1104192,9.056395989103345,7.2e-06,0.638888888888889,1.0,0.1,1.0,1.0,3.0,1.0,0.0,2.0,0.0009999999999999998,2.0,0.0,2.0,1.0,2.0,256.0,51248.0,916.0,2.0,1.0,-20.0,2308.0,100.0,2.0,792.0,100.0,2.0,5.0,0.0,3.0,0.0004104,2.88e-05,0.0,0.11043359999999999,0.00042479999999999997,1.0,2.0,0.0,3.0,1.0,2.0,2.0,1.0,b'IMAGE',b'IMAGE_GRAYSCALE',b'1.2',0,Orca_Camera,False,tweez,0.09,1.5,0.432,15,True,74.94,24,110,True,False,73.7,74.6,20,0.5,10,40,10,10,0.09,0.377,0.43,0.9,35,Z:\Experiments\Sr\Selection_experiment\2024\10\23\0043\2024-10-23_0043_Selection_experiment_072.h5,abs,basler_abs,orca,2.5,0.1,209,28,F:\Experiments\Sr\Selection_experiment\2024\10\23\0043\2024-10-23_0043_Selection_experiment_072.h5,False,True,340,340,Selection_experiment.py,150,True,True,True,1,189,1.0,26.5,30,72,0,2024-10-23 19:01:12.837411+02:00,2024-10-23 18:58:06+02:00,43,75.455,100,True,170,28,True
60,19.7,1,1,0,29.0,38.0,22.0,6.84375,7.46875,5.625,34.2,43.8,47.8,36.0,104.663086,80.18652,48.609375,False,160.0,1,0.5,80,28,108,12.0,114,29,114,28,False,73.9,25,100,100,300,73.02,100.1,1.0,16.0,20000.0,2.0,200.0,0.0,1.0,1.0,0.11,200.0,2.0,0.1600056,5.0,20000.0,1.0,2.0,200.0,1.0,0.0,4.6000000000000005,4096.0,2304.0,4.6000000000000005,20000.0,100.0,2.0,200.0,0.0,100.0,1.0,1.0,0.1604232,6.233512359808308,7.2e-06,0.638888888888889,1.0,0.1,1.0,1.0,3.0,1.0,0.0,2.0,0.0009999999999999998,2.0,0.0,2.0,1.0,2.0,256.0,51248.0,916.0,2.0,1.0,-20.0,2308.0,100.0,2.0,792.0,100.0,2.0,5.0,0.0,3.0,0.0004104,2.88e-05,0.0,0.16043759999999999,0.00042479999999999997,1.0,2.0,0.0,3.0,1.0,2.0,2.0,1.0,b'IMAGE',b'IMAGE_GRAYSCALE',b'1.2',0,Orca_Camera,False,tweez,0.09,1.5,0.432,15,True,74.94,24,110,True,False,73.7,74.6,20,0.5,10,40,10,10,0.09,0.377,0.43,0.9,35,Z:\Experiments\Sr\Selection_experiment\2024\10\23\0043\2024-10-23_0043_Selection_experiment_073.h5,abs,basler_abs,orca,2.5,0.1,209,28,F:\Experiments\Sr\Selection_experiment\2024\10\23\0043\2024-10-23_0043_Selection_experiment_073.h5,False,True,340,340,Selection_experiment.py,150,True,True,True,1,189,1.0,26.5,30,73,0,2024-10-23 19:01:15.272713+02:00,2024-10-23 18:58:06+02:00,43,75.455,100,True,170,28,True
60,19.7,1,1,0,29.0,46.0,26.0,7.125,7.484375,5.21875,38.3,45.6,47.9,33.4,80.453125,95.781006,62.2959,False,210.0,1,0.5,80,28,108,12.0,114,29,114,28,False,73.9,25,100,100,300,73.02,100.1,1.0,16.0,20000.0,2.0,200.0,0.0,1.0,1.0,0.11,200.0,2.0,0.21000239999999998,5.0,20000.0,1.0,2.0,200.0,1.0,0.0,4.6000000000000005,4096.0,2304.0,4.6000000000000005,20000.0,100.0,2.0,200.0,0.0,100.0,1.0,1.0,0.21042,4.7523999619808,7.2e-06,0.638888888888889,1.0,0.1,1.0,1.0,3.0,1.0,0.0,2.0,0.0009999999999999998,2.0,0.0,2.0,1.0,2.0,256.0,51248.0,916.0,2.0,1.0,-20.0,2308.0,100.0,2.0,792.0,100.0,2.0,5.0,0.0,3.0,0.0004104,2.88e-05,0.0,0.2104344,0.00042479999999999997,1.0,2.0,0.0,3.0,1.0,2.0,2.0,1.0,b'IMAGE',b'IMAGE_GRAYSCALE',b'1.2',0,Orca_Camera,False,tweez,0.09,1.5,0.432,15,True,74.94,24,110,True,False,73.7,74.6,20,0.5,10,40,10,10,0.09,0.377,0.43,0.9,35,Z:\Experiments\Sr\Selection_experiment\2024\10\23\0043\2024-10-23_0043_Selection_experiment_074.h5,abs,basler_abs,orca,2.5,0.1,209,28,F:\Experiments\Sr\Selection_experiment\2024\10\23\0043\2024-10-23_0043_Selection_experiment_074.h5,False,True,340,340,Selection_experiment.py,150,True,True,True,1,189,1.0,26.5,30,74,0,2024-10-23 19:01:17.706827+02:00,2024-10-23 18:58:06+02:00,43,75.455,100,True,170,28,True
60,19.7,1,1,0,33.0,36.0,32.0,9.515625,8.296875,5.703125,38.5,60.9,53.1,36.5,83.312256,110.52124,84.80249,False,260.0,1,0.5,80,28,108,12.0,114,29,114,28,False,73.9,25,100,100,300,73.02,100.1,1.0,16.0,20000.0,2.0,200.0,0.0,1.0,1.0,0.11,200.0,2.0,0.26000639999999997,5.0,20000.0,1.0,2.0,200.0,1.0,0.0,4.6000000000000005,4096.0,2304.0,4.6000000000000005,20000.0,100.0,2.0,200.0,0.0,100.0,1.0,1.0,0.260424,3.8398918686449792,7.2e-06,0.638888888888889,1.0,0.1,1.0,1.0,3.0,1.0,0.0,2.0,0.0009999999999999998,2.0,0.0,2.0,1.0,2.0,256.0,51248.0,916.0,2.0,1.0,-20.0,2308.0,100.0,2.0,792.0,100.0,2.0,5.0,0.0,3.0,0.0004104,2.88e-05,0.0,0.2604384,0.00042479999999999997,1.0,2.0,0.0,3.0,1.0,2.0,2.0,1.0,b'IMAGE',b'IMAGE_GRAYSCALE',b'1.2',0,Orca_Camera,False,tweez,0.09,1.5,0.432,15,True,74.94,24,110,True,False,73.7,74.6,20,0.5,10,40,10,10,0.09,0.377,0.43,0.9,35,Z:\Experiments\Sr\Selection_experiment\2024\10\23\0043\2024-10-23_0043_Selection_experiment_075.h5,abs,basler_abs,orca,2.5,0.1,209,28,F:\Experiments\Sr\Selection_experiment\2024\10\23\0043\2024-10-23_0043_Selection_experiment_075.h5,False,True,340,340,Selection_experiment.py,150,True,True,True,1,189,1.0,26.5,30,75,0,2024-10-23 19:01:20.071217+02:00,2024-10-23 18:58:06+02:00,43,75.455,100,True,170,28,True
60,19.7,1,1,0,39.0,40.0,38.0,11.234375,9.734375,6.125,36.8,71.9,62.3,39.2,122.52319,109.03882,82.609375,False,310.0,1,0.5,80,28,108,12.0,114,29,114,28,False,73.9,25,100,100,300,73.02,100.1,1.0,16.0,20000.0,2.0,200.0,0.0,1.0,1.0,0.11,200.0,2.0,0.3100032,5.0,20000.0,1.0,2.0,200.0,1.0,0.0,4.6000000000000005,4096.0,2304.0,4.6000000000000005,20000.0,100.0,2.0,200.0,0.0,100.0,1.0,1.0,0.3104208,3.2214336152732033,7.2e-06,0.638888888888889,1.0,0.1,1.0,1.0,3.0,1.0,0.0,2.0,0.0009999999999999998,2.0,0.0,2.0,1.0,2.0,256.0,51248.0,916.0,2.0,1.0,-20.0,2308.0,100.0,2.0,792.0,100.0,2.0,5.0,0.0,3.0,0.0004104,2.88e-05,0.0,0.3104352,0.00042479999999999997,1.0,2.0,0.0,3.0,1.0,2.0,2.0,1.0,b'IMAGE',b'IMAGE_GRAYSCALE',b'1.2',0,Orca_Camera,False,tweez,0.09,1.5,0.432,15,True,74.94,24,110,True,False,73.7,74.6,20,0.5,10,40,10,10,0.09,0.377,0.43,0.9,35,Z:\Experiments\Sr\Selection_experiment\2024\10\23\0043\2024-10-23_0043_Selection_experiment_076.h5,abs,basler_abs,orca,2.5,0.1,209,28,F:\Experiments\Sr\Selection_experiment\2024\10\23\0043\2024-10-23_0043_Selection_experiment_076.h5,False,True,340,340,Selection_experiment.py,150,True,True,True,1,189,1.0,26.5,30,76,0,2024-10-23 19:01:22.993223+02:00,2024-10-23 18:58:06+02:00,43,75.455,100,True,170,28,True
60,19.7,0,0,0,24.0,21.0,20.0,2.15625,1.21875,1.234375,10.7,13.8,7.8,7.9,34.756836,33.63965,26.835693,False,10.0,1,0.5,80,28,108,14.0,114,29,114,28,False,73.9,25,100,100,300,73.02,100.1,1.0,16.0,20000.0,2.0,200.0,0.0,1.0,1.0,0.11,200.0,2.0,0.010000799999999999,5.0,20000.0,1.0,2.0,200.0,1.0,0.0,4.6000000000000005,4096.0,2304.0,4.6000000000000005,20000.0,100.0,2.0,200.0,0.0,100.0,1.0,1.0,0.0104184,95.98402825769793,7.2e-06,0.638888888888889,1.0,0.1,1.0,1.0,3.0,1.0,0.0,2.0,0.0009999999999999998,2.0,0.0,2.0,1.0,2.0,256.0,51248.0,916.0,2.0,1.0,-20.0,2308.0,100.0,2.0,792.0,100.0,2.0,5.0,0.0,3.0,0.0004104,2.88e-05,0.0,0.010432799999999999,0.00042479999999999997,1.0,2.0,0.0,3.0,1.0,2.0,2.0,1.0,b'IMAGE',b'IMAGE_GRAYSCALE',b'1.2',0,Orca_Camera,False,tweez,0.09,1.5,0.432,15,True,74.94,24,110,True,False,73.7,74.6,20,0.5,10,40,10,10,0.09,0.377,0.43,0.9,35,Z:\Experiments\Sr\Selection_experiment\2024\10\23\0043\2024-10-23_0043_Selection_experiment_077.h5,abs,basler_abs,orca,2.5,0.1,209,28,F:\Experiments\Sr\Selection_experiment\2024\10\23\0043\2024-10-23_0043_Selection_experiment_077.h5,False,True,340,340,Selection_experiment.py,150,True,True,True,1,189,1.0,26.5,30,77,0,2024-10-23 19:01:25.965920+02:00,2024-10-23 18:58:06+02:00,43,75.455,100,True,170,28,True
60,19.7,0,0,0,34.0,47.0,32.0,5.09375,5.921875,3.296875,16.8,32.6,37.9,21.1,68.05371,86.22827,61.05249,False,60.0,1,0.5,80,28,108,14.0,114,29,114,28,False,73.9,25,100,100,300,73.02,100.1,1.0,16.0,20000.0,2.0,200.0,0.0,1.0,1.0,0.11,200.0,2.0,0.0600048,5.0,20000.0,1.0,2.0,200.0,1.0,0.0,4.6000000000000005,4096.0,2304.0,4.6000000000000005,20000.0,100.0,2.0,200.0,0.0,100.0,1.0,1.0,0.060422399999999994,16.550153585425274,7.2e-06,0.638888888888889,1.0,0.1,1.0,1.0,3.0,1.0,0.0,2.0,0.0009999999999999998,2.0,0.0,2.0,1.0,2.0,256.0,51248.0,916.0,2.0,1.0,-20.0,2308.0,100.0,2.0,792.0,100.0,2.0,5.0,0.0,3.0,0.0004104,2.88e-05,0.0,0.06043679999999999,0.00042479999999999997,1.0,2.0,0.0,3.0,1.0,2.0,2.0,1.0,b'IMAGE',b'IMAGE_GRAYSCALE',b'1.2',0,Orca_Camera,False,tweez,0.09,1.5,0.432,15,True,74.94,24,110,True,False,73.7,74.6,20,0.5,10,40,10,10,0.09,0.377,0.43,0.9,35,Z:\Experiments\Sr\Selection_experiment\2024\10\23\0043\2024-10-23_0043_Selection_experiment_078.h5,abs,basler_abs,orca,2.5,0.1,209,28,F:\Experiments\Sr\Selection_experiment\2024\10\23\0043\2024-10-23_0043_Selection_experiment_078.h5,False,True,340,340,Selection_experiment.py,150,True,True,True,1,189,1.0,26.5,30,78,0,2024-10-23 19:01:28.372184+02:00,2024-10-23 18:58:06+02:00,43,75.455,100,True,170,28,True
60,19.7,1,1,0,42.0,45.0,24.0,6.265625,7.96875,4.484375,27.6,40.1,51.0,28.7,82.25757,122.46777,48.124756,False,110.0,1,0.5,80,28,108,14.0,114,29,114,28,False,73.9,25,100,100,300,73.02,100.1,1.0,16.0,20000.0,2.0,200.0,0.0,1.0,1.0,0.11,200.0,2.0,0.11000159999999999,5.0,20000.0,1.0,2.0,200.0,1.0,0.0,4.6000000000000005,4096.0,2304.0,4.6000000000000005,20000.0,100.0,2.0,200.0,0.0,100.0,1.0,1.0,0.1104192,9.056395989103345,7.2e-06,0.638888888888889,1.0,0.1,1.0,1.0,3.0,1.0,0.0,2.0,0.0009999999999999998,2.0,0.0,2.0,1.0,2.0,256.0,51248.0,916.0,2.0,1.0,-20.0,2308.0,100.0,2.0,792.0,100.0,2.0,5.0,0.0,3.0,0.0004104,2.88e-05,0.0,0.11043359999999999,0.00042479999999999997,1.0,2.0,0.0,3.0,1.0,2.0,2.0,1.0,b'IMAGE',b'IMAGE_GRAYSCALE',b'1.2',0,Orca_Camera,False,tweez,0.09,1.5,0.432,15,True,74.94,24,110,True,False,73.7,74.6,20,0.5,10,40,10,10,0.09,0.377,0.43,0.9,35,Z:\Experiments\Sr\Selection_experiment\2024\10\23\0043\2024-10-23_0043_Selection_experiment_079.h5,abs,basler_abs,orca,2.5,0.1,209,28,F:\Experiments\Sr\Selection_experiment\2024\10\23\0043\2024-10-23_0043_Selection_experiment_079.h5,False,True,340,340,Selection_experiment.py,150,True,True,True,1,189,1.0,26.5,30,79,0,2024-10-23 19:01:30.793100+02:00,2024-10-23 18:58:06+02:00,43,75.455,100,True,170,28,True
60,19.7,1,1,0,61.0,40.0,34.0,7.03125,8.65625,4.0,21.4,45.0,55.4,25.6,119.68652,107.819336,70.3125,False,160.0,1,0.5,80,28,108,14.0,114,29,114,28,False,73.9,25,100,100,300,73.02,100.1,1.0,16.0,20000.0,2.0,200.0,0.0,1.0,1.0,0.11,200.0,2.0,0.1600056,5.0,20000.0,1.0,2.0,200.0,1.0,0.0,4.6000000000000005,4096.0,2304.0,4.6000000000000005,20000.0,100.0,2.0,200.0,0.0,100.0,1.0,1.0,0.1604232,6.233512359808308,7.2e-06,0.638888888888889,1.0,0.1,1.0,1.0,3.0,1.0,0.0,2.0,0.0009999999999999998,2.0,0.0,2.0,1.0,2.0,256.0,51248.0,916.0,2.0,1.0,-20.0,2308.0,100.0,2.0,792.0,100.0,2.0,5.0,0.0,3.0,0.0004104,2.88e-05,0.0,0.16043759999999999,0.00042479999999999997,1.0,2.0,0.0,3.0,1.0,2.0,2.0,1.0,b'IMAGE',b'IMAGE_GRAYSCALE',b'1.2',0,Orca_Camera,False,tweez,0.09,1.5,0.432,15,True,74.94,24,110,True,False,73.7,74.6,20,0.5,10,40,10,10,0.09,0.377,0.43,0.9,35,Z:\Experiments\Sr\Selection_experiment\2024\10\23\0043\2024-10-23_0043_Selection_experiment_080.h5,abs,basler_abs,orca,2.5,0.1,209,28,F:\Experiments\Sr\Selection_experiment\2024\10\23\0043\2024-10-23_0043_Selection_experiment_080.h5,False,True,340,340,Selection_experiment.py,150,True,True,True,1,189,1.0,26.5,30,80,0,2024-10-23 19:01:33.230460+02:00,2024-10-23 18:58:06+02:00,43,75.455,100,True,170,28,True
60,19.7,1,1,1,33.0,38.0,31.0,7.984375,7.359375,7.4375,24.6,51.1,47.1,47.6,85.51538,84.136475,72.49609,False,210.0,1,0.5,80,28,108,14.0,114,29,114,28,False,73.9,25,100,100,300,73.02,100.1,1.0,16.0,20000.0,2.0,200.0,0.0,1.0,1.0,0.11,200.0,2.0,0.21000239999999998,5.0,20000.0,1.0,2.0,200.0,1.0,0.0,4.6000000000000005,4096.0,2304.0,4.6000000000000005,20000.0,100.0,2.0,200.0,0.0,100.0,1.0,1.0,0.21042,4.7523999619808,7.2e-06,0.638888888888889,1.0,0.1,1.0,1.0,3.0,1.0,0.0,2.0,0.0009999999999999998,2.0,0.0,2.0,1.0,2.0,256.0,51248.0,916.0,2.0,1.0,-20.0,2308.0,100.0,2.0,792.0,100.0,2.0,5.0,0.0,3.0,0.0004104,2.88e-05,0.0,0.2104344,0.00042479999999999997,1.0,2.0,0.0,3.0,1.0,2.0,2.0,1.0,b'IMAGE',b'IMAGE_GRAYSCALE',b'1.2',0,Orca_Camera,False,tweez,0.09,1.5,0.432,15,True,74.94,24,110,True,False,73.7,74.6,20,0.5,10,40,10,10,0.09,0.377,0.43,0.9,35,Z:\Experiments\Sr\Selection_experiment\2024\10\23\0043\2024-10-23_0043_Selection_experiment_081.h5,abs,basler_abs,orca,2.5,0.1,209,28,F:\Experiments\Sr\Selection_experiment\2024\10\23\0043\2024-10-23_0043_Selection_experiment_081.h5,False,True,340,340,Selection_experiment.py,150,True,True,True,1,189,1.0,26.5,30,81,0,2024-10-23 19:01:35.606421+02:00,2024-10-23 18:58:06+02:00,43,75.455,100,True,170,28,True
60,19.7,1,1,1,50.0,41.0,38.0,8.546875,8.4375,6.375,29.2,54.7,54.0,40.8,132.3103,101.90234,85.328125,False,260.0,1,0.5,80,28,108,14.0,114,29,114,28,False,73.9,25,100,100,300,73.02,100.1,1.0,16.0,20000.0,2.0,200.0,0.0,1.0,1.0,0.11,200.0,2.0,0.26000639999999997,5.0,20000.0,1.0,2.0,200.0,1.0,0.0,4.6000000000000005,4096.0,2304.0,4.6000000000000005,20000.0,100.0,2.0,200.0,0.0,100.0,1.0,1.0,0.260424,3.8398918686449792,7.2e-06,0.638888888888889,1.0,0.1,1.0,1.0,3.0,1.0,0.0,2.0,0.0009999999999999998,2.0,0.0,2.0,1.0,2.0,256.0,51248.0,916.0,2.0,1.0,-20.0,2308.0,100.0,2.0,792.0,100.0,2.0,5.0,0.0,3.0,0.0004104,2.88e-05,0.0,0.2604384,0.00042479999999999997,1.0,2.0,0.0,3.0,1.0,2.0,2.0,1.0,b'IMAGE',b'IMAGE_GRAYSCALE',b'1.2',0,Orca_Camera,False,tweez,0.09,1.5,0.432,15,True,74.94,24,110,True,False,73.7,74.6,20,0.5,10,40,10,10,0.09,0.377,0.43,0.9,35,Z:\Experiments\Sr\Selection_experiment\2024\10\23\0043\2024-10-23_0043_Selection_experiment_082.h5,abs,basler_abs,orca,2.5,0.1,209,28,F:\Experiments\Sr\Selection_experiment\2024\10\23\0043\2024-10-23_0043_Selection_experiment_082.h5,False,True,340,340,Selection_experiment.py,150,True,True,True,1,189,1.0,26.5,30,82,0,2024-10-23 19:01:38.501666+02:00,2024-10-23 18:58:06+02:00,43,75.455,100,True,170,28,True
60,19.7,1,1,0,42.0,41.0,48.0,9.75,10.078125,5.203125,27.8,62.4,64.5,33.3,137.03125,135.22827,84.036865,False,310.0,1,0.5,80,28,108,14.0,114,29,114,28,False,73.9,25,100,100,300,73.02,100.1,1.0,16.0,20000.0,2.0,200.0,0.0,1.0,1.0,0.11,200.0,2.0,0.3100032,5.0,20000.0,1.0,2.0,200.0,1.0,0.0,4.6000000000000005,4096.0,2304.0,4.6000000000000005,20000.0,100.0,2.0,200.0,0.0,100.0,1.0,1.0,0.3104208,3.2214336152732033,7.2e-06,0.638888888888889,1.0,0.1,1.0,1.0,3.0,1.0,0.0,2.0,0.0009999999999999998,2.0,0.0,2.0,1.0,2.0,256.0,51248.0,916.0,2.0,1.0,-20.0,2308.0,100.0,2.0,792.0,100.0,2.0,5.0,0.0,3.0,0.0004104,2.88e-05,0.0,0.3104352,0.00042479999999999997,1.0,2.0,0.0,3.0,1.0,2.0,2.0,1.0,b'IMAGE',b'IMAGE_GRAYSCALE',b'1.2',0,Orca_Camera,False,tweez,0.09,1.5,0.432,15,True,74.94,24,110,True,False,73.7,74.6,20,0.5,10,40,10,10,0.09,0.377,0.43,0.9,35,Z:\Experiments\Sr\Selection_experiment\2024\10\23\0043\2024-10-23_0043_Selection_experiment_083.h5,abs,basler_abs,orca,2.5,0.1,209,28,F:\Experiments\Sr\Selection_experiment\2024\10\23\0043\2024-10-23_0043_Selection_experiment_083.h5,False,True,340,340,Selection_experiment.py,150,True,True,True,1,189,1.0,26.5,30,83,0,2024-10-23 19:01:41.479340+02:00,2024-10-23 18:58:06+02:00,43,75.455,100,True,170,28,True
60,19.7,0,0,0,18.0,20.0,17.0,2.0,1.0,1.09375,11.6,12.8,6.4,7.0,29.625,22.15625,28.92871,False,10.0,1,0.5,80,28,108,16.0,114,29,114,28,False,73.9,25,100,100,300,73.02,100.1,1.0,16.0,20000.0,2.0,200.0,0.0,1.0,1.0,0.11,200.0,2.0,0.010000799999999999,5.0,20000.0,1.0,2.0,200.0,1.0,0.0,4.6000000000000005,4096.0,2304.0,4.6000000000000005,20000.0,100.0,2.0,200.0,0.0,100.0,1.0,1.0,0.0104184,95.98402825769793,7.2e-06,0.638888888888889,1.0,0.1,1.0,1.0,3.0,1.0,0.0,2.0,0.0009999999999999998,2.0,0.0,2.0,1.0,2.0,256.0,51248.0,916.0,2.0,1.0,-20.0,2308.0,100.0,2.0,792.0,100.0,2.0,5.0,0.0,3.0,0.0004104,2.88e-05,0.0,0.010432799999999999,0.00042479999999999997,1.0,2.0,0.0,3.0,1.0,2.0,2.0,1.0,b'IMAGE',b'IMAGE_GRAYSCALE',b'1.2',0,Orca_Camera,False,tweez,0.09,1.5,0.432,15,True,74.94,24,110,True,False,73.7,74.6,20,0.5,10,40,10,10,0.09,0.377,0.43,0.9,35,Z:\Experiments\Sr\Selection_experiment\2024\10\23\0043\2024-10-23_0043_Selection_experiment_084.h5,abs,basler_abs,orca,2.5,0.1,209,28,F:\Experiments\Sr\Selection_experiment\2024\10\23\0043\2024-10-23_0043_Selection_experiment_084.h5,False,True,340,340,Selection_experiment.py,150,True,True,True,1,189,1.0,26.5,30,84,0,2024-10-23 19:01:44.430086+02:00,2024-10-23 18:58:06+02:00,43,75.455,100,True,170,28,True
60,19.7,0,0,0,21.0,32.0,20.0,3.828125,3.9375,3.0625,14.6,24.5,25.2,19.6,45.392334,59.746094,39.246094,False,60.0,1,0.5,80,28,108,16.0,114,29,114,28,False,73.9,25,100,100,300,73.02,100.1,1.0,16.0,20000.0,2.0,200.0,0.0,1.0,1.0,0.11,200.0,2.0,0.0600048,5.0,20000.0,1.0,2.0,200.0,1.0,0.0,4.6000000000000005,4096.0,2304.0,4.6000000000000005,20000.0,100.0,2.0,200.0,0.0,100.0,1.0,1.0,0.060422399999999994,16.550153585425274,7.2e-06,0.638888888888889,1.0,0.1,1.0,1.0,3.0,1.0,0.0,2.0,0.0009999999999999998,2.0,0.0,2.0,1.0,2.0,256.0,51248.0,916.0,2.0,1.0,-20.0,2308.0,100.0,2.0,792.0,100.0,2.0,5.0,0.0,3.0,0.0004104,2.88e-05,0.0,0.06043679999999999,0.00042479999999999997,1.0,2.0,0.0,3.0,1.0,2.0,2.0,1.0,b'IMAGE',b'IMAGE_GRAYSCALE',b'1.2',0,Orca_Camera,False,tweez,0.09,1.5,0.432,15,True,74.94,24,110,True,False,73.7,74.6,20,0.5,10,40,10,10,0.09,0.377,0.43,0.9,35,Z:\Experiments\Sr\Selection_experiment\2024\10\23\0043\2024-10-23_0043_Selection_experiment_085.h5,abs,basler_abs,orca,2.5,0.1,209,28,F:\Experiments\Sr\Selection_experiment\2024\10\23\0043\2024-10-23_0043_Selection_experiment_085.h5,False,True,340,340,Selection_experiment.py,150,True,True,True,1,189,1.0,26.5,30,85,0,2024-10-23 19:01:46.871256+02:00,2024-10-23 18:58:06+02:00,43,75.455,100,True,170,28,True
60,19.7,1,0,0,37.0,26.0,27.0,6.796875,6.0,5.015625,20.5,43.5,38.4,32.1,66.849365,71.65625,51.10913,False,110.0,1,0.5,80,28,108,16.0,114,29,114,28,False,73.9,25,100,100,300,73.02,100.1,1.0,16.0,20000.0,2.0,200.0,0.0,1.0,1.0,0.11,200.0,2.0,0.11000159999999999,5.0,20000.0,1.0,2.0,200.0,1.0,0.0,4.6000000000000005,4096.0,2304.0,4.6000000000000005,20000.0,100.0,2.0,200.0,0.0,100.0,1.0,1.0,0.1104192,9.056395989103345,7.2e-06,0.638888888888889,1.0,0.1,1.0,1.0,3.0,1.0,0.0,2.0,0.0009999999999999998,2.0,0.0,2.0,1.0,2.0,256.0,51248.0,916.0,2.0,1.0,-20.0,2308.0,100.0,2.0,792.0,100.0,2.0,5.0,0.0,3.0,0.0004104,2.88e-05,0.0,0.11043359999999999,0.00042479999999999997,1.0,2.0,0.0,3.0,1.0,2.0,2.0,1.0,b'IMAGE',b'IMAGE_GRAYSCALE',b'1.2',0,Orca_Camera,False,tweez,0.09,1.5,0.432,15,True,74.94,24,110,True,False,73.7,74.6,20,0.5,10,40,10,10,0.09,0.377,0.43,0.9,35,Z:\Experiments\Sr\Selection_experiment\2024\10\23\0043\2024-10-23_0043_Selection_experiment_086.h5,abs,basler_abs,orca,2.5,0.1,209,28,F:\Experiments\Sr\Selection_experiment\2024\10\23\0043\2024-10-23_0043_Selection_experiment_086.h5,False,True,340,340,Selection_experiment.py,150,True,True,True,1,189,1.0,26.5,30,86,0,2024-10-23 19:01:49.363451+02:00,2024-10-23 18:58:06+02:00,43,75.455,100,True,170,28,True
60,19.7,0,1,0,39.0,35.0,32.0,6.09375,8.296875,5.96875,21.3,39.0,53.1,38.2,80.02246,94.58374,70.68652,False,160.0,1,0.5,80,28,108,16.0,114,29,114,28,False,73.9,25,100,100,300,73.02,100.1,1.0,16.0,20000.0,2.0,200.0,0.0,1.0,1.0,0.11,200.0,2.0,0.1600056,5.0,20000.0,1.0,2.0,200.0,1.0,0.0,4.6000000000000005,4096.0,2304.0,4.6000000000000005,20000.0,100.0,2.0,200.0,0.0,100.0,1.0,1.0,0.1604232,6.233512359808308,7.2e-06,0.638888888888889,1.0,0.1,1.0,1.0,3.0,1.0,0.0,2.0,0.0009999999999999998,2.0,0.0,2.0,1.0,2.0,256.0,51248.0,916.0,2.0,1.0,-20.0,2308.0,100.0,2.0,792.0,100.0,2.0,5.0,0.0,3.0,0.0004104,2.88e-05,0.0,0.16043759999999999,0.00042479999999999997,1.0,2.0,0.0,3.0,1.0,2.0,2.0,1.0,b'IMAGE',b'IMAGE_GRAYSCALE',b'1.2',0,Orca_Camera,False,tweez,0.09,1.5,0.432,15,True,74.94,24,110,True,False,73.7,74.6,20,0.5,10,40,10,10,0.09,0.377,0.43,0.9,35,Z:\Experiments\Sr\Selection_experiment\2024\10\23\0043\2024-10-23_0043_Selection_experiment_087.h5,abs,basler_abs,orca,2.5,0.1,209,28,F:\Experiments\Sr\Selection_experiment\2024\10\23\0043\2024-10-23_0043_Selection_experiment_087.h5,False,True,340,340,Selection_experiment.py,150,True,True,True,1,189,1.0,26.5,30,87,0,2024-10-23 19:01:51.906985+02:00,2024-10-23 18:58:06+02:00,43,75.455,100,True,170,28,True
60,19.7,1,1,1,32.0,45.0,46.0,8.53125,9.1875,6.375,46.9,54.6,58.8,40.8,84.43652,93.49609,91.890625,False,210.0,1,0.5,80,28,108,16.0,114,29,114,28,False,73.9,25,100,100,300,73.02,100.1,1.0,16.0,20000.0,2.0,200.0,0.0,1.0,1.0,0.11,200.0,2.0,0.21000239999999998,5.0,20000.0,1.0,2.0,200.0,1.0,0.0,4.6000000000000005,4096.0,2304.0,4.6000000000000005,20000.0,100.0,2.0,200.0,0.0,100.0,1.0,1.0,0.21042,4.7523999619808,7.2e-06,0.638888888888889,1.0,0.1,1.0,1.0,3.0,1.0,0.0,2.0,0.0009999999999999998,2.0,0.0,2.0,1.0,2.0,256.0,51248.0,916.0,2.0,1.0,-20.0,2308.0,100.0,2.0,792.0,100.0,2.0,5.0,0.0,3.0,0.0004104,2.88e-05,0.0,0.2104344,0.00042479999999999997,1.0,2.0,0.0,3.0,1.0,2.0,2.0,1.0,b'IMAGE',b'IMAGE_GRAYSCALE',b'1.2',0,Orca_Camera,False,tweez,0.09,1.5,0.432,15,True,74.94,24,110,True,False,73.7,74.6,20,0.5,10,40,10,10,0.09,0.377,0.43,0.9,35,Z:\Experiments\Sr\Selection_experiment\2024\10\23\0043\2024-10-23_0043_Selection_experiment_088.h5,abs,basler_abs,orca,2.5,0.1,209,28,F:\Experiments\Sr\Selection_experiment\2024\10\23\0043\2024-10-23_0043_Selection_experiment_088.h5,False,True,340,340,Selection_experiment.py,150,True,True,True,1,189,1.0,26.5,30,88,0,2024-10-23 19:01:54.316770+02:00,2024-10-23 18:58:06+02:00,43,75.455,100,True,170,28,True
60,19.7,1,1,1,31.0,50.0,39.0,7.4375,9.53125,8.109375,37.7,47.6,61.0,51.9,76.27734,132.15527,137.72241,False,260.0,1,0.5,80,28,108,16.0,114,29,114,28,False,73.9,25,100,100,300,73.02,100.1,1.0,16.0,20000.0,2.0,200.0,0.0,1.0,1.0,0.11,200.0,2.0,0.26000639999999997,5.0,20000.0,1.0,2.0,200.0,1.0,0.0,4.6000000000000005,4096.0,2304.0,4.6000000000000005,20000.0,100.0,2.0,200.0,0.0,100.0,1.0,1.0,0.260424,3.8398918686449792,7.2e-06,0.638888888888889,1.0,0.1,1.0,1.0,3.0,1.0,0.0,2.0,0.0009999999999999998,2.0,0.0,2.0,1.0,2.0,256.0,51248.0,916.0,2.0,1.0,-20.0,2308.0,100.0,2.0,792.0,100.0,2.0,5.0,0.0,3.0,0.0004104,2.88e-05,0.0,0.2604384,0.00042479999999999997,1.0,2.0,0.0,3.0,1.0,2.0,2.0,1.0,b'IMAGE',b'IMAGE_GRAYSCALE',b'1.2',0,Orca_Camera,False,tweez,0.09,1.5,0.432,15,True,74.94,24,110,True,False,73.7,74.6,20,0.5,10,40,10,10,0.09,0.377,0.43,0.9,35,Z:\Experiments\Sr\Selection_experiment\2024\10\23\0043\2024-10-23_0043_Selection_experiment_089.h5,abs,basler_abs,orca,2.5,0.1,209,28,F:\Experiments\Sr\Selection_experiment\2024\10\23\0043\2024-10-23_0043_Selection_experiment_089.h5,False,True,340,340,Selection_experiment.py,150,True,True,True,1,189,1.0,26.5,30,89,0,2024-10-23 19:01:56.836917+02:00,2024-10-23 18:58:06+02:00,43,75.455,100,True,170,28,True
60,19.7,1,1,0,41.0,31.0,44.0,8.328125,8.421875,5.75,38.4,53.3,53.9,36.8,110.12671,98.46265,96.0,False,310.0,1,0.5,80,28,108,16.0,114,29,114,28,False,73.9,25,100,100,300,73.02,100.1,1.0,16.0,20000.0,2.0,200.0,0.0,1.0,1.0,0.11,200.0,2.0,0.3100032,5.0,20000.0,1.0,2.0,200.0,1.0,0.0,4.6000000000000005,4096.0,2304.0,4.6000000000000005,20000.0,100.0,2.0,200.0,0.0,100.0,1.0,1.0,0.3104208,3.2214336152732033,7.2e-06,0.638888888888889,1.0,0.1,1.0,1.0,3.0,1.0,0.0,2.0,0.0009999999999999998,2.0,0.0,2.0,1.0,2.0,256.0,51248.0,916.0,2.0,1.0,-20.0,2308.0,100.0,2.0,792.0,100.0,2.0,5.0,0.0,3.0,0.0004104,2.88e-05,0.0,0.3104352,0.00042479999999999997,1.0,2.0,0.0,3.0,1.0,2.0,2.0,1.0,b'IMAGE',b'IMAGE_GRAYSCALE',b'1.2',0,Orca_Camera,False,tweez,0.09,1.5,0.432,15,True,74.94,24,110,True,False,73.7,74.6,20,0.5,10,40,10,10,0.09,0.377,0.43,0.9,35,Z:\Experiments\Sr\Selection_experiment\2024\10\23\0043\2024-10-23_0043_Selection_experiment_090.h5,abs,basler_abs,orca,2.5,0.1,209,28,F:\Experiments\Sr\Selection_experiment\2024\10\23\0043\2024-10-23_0043_Selection_experiment_090.h5,False,True,340,340,Selection_experiment.py,150,True,True,True,1,189,1.0,26.5,30,90,0,2024-10-23 19:01:59.420473+02:00,2024-10-23 18:58:06+02:00,43,75.455,100,True,170,28,True
60,19.7,0,0,0,17.0,16.0,20.0,2.234375,1.296875,1.15625,17.5,14.3,8.3,7.4,33.179443,30.14624,29.569336,False,10.0,1,0.5,80,28,108,18.0,114,29,114,28,False,73.9,25,100,100,300,73.02,100.1,1.0,16.0,20000.0,2.0,200.0,0.0,1.0,1.0,0.11,200.0,2.0,0.010000799999999999,5.0,20000.0,1.0,2.0,200.0,1.0,0.0,4.6000000000000005,4096.0,2304.0,4.6000000000000005,20000.0,100.0,2.0,200.0,0.0,100.0,1.0,1.0,0.0104184,95.98402825769793,7.2e-06,0.638888888888889,1.0,0.1,1.0,1.0,3.0,1.0,0.0,2.0,0.0009999999999999998,2.0,0.0,2.0,1.0,2.0,256.0,51248.0,916.0,2.0,1.0,-20.0,2308.0,100.0,2.0,792.0,100.0,2.0,5.0,0.0,3.0,0.0004104,2.88e-05,0.0,0.010432799999999999,0.00042479999999999997,1.0,2.0,0.0,3.0,1.0,2.0,2.0,1.0,b'IMAGE',b'IMAGE_GRAYSCALE',b'1.2',0,Orca_Camera,False,tweez,0.09,1.5,0.432,15,True,74.94,24,110,True,False,73.7,74.6,20,0.5,10,40,10,10,0.09,0.377,0.43,0.9,35,Z:\Experiments\Sr\Selection_experiment\2024\10\23\0043\2024-10-23_0043_Selection_experiment_091.h5,abs,basler_abs,orca,2.5,0.1,209,28,F:\Experiments\Sr\Selection_experiment\2024\10\23\0043\2024-10-23_0043_Selection_experiment_091.h5,False,True,340,340,Selection_experiment.py,150,True,True,True,1,189,1.0,26.5,30,91,0,2024-10-23 19:02:02.467337+02:00,2024-10-23 18:58:06+02:00,43,75.455,100,True,170,28,True
60,19.7,0,0,0,20.0,22.0,40.0,4.3125,3.859375,3.640625,22.9,27.6,24.7,23.3,47.277344,50.1521,68.480225,False,60.0,1,0.5,80,28,108,18.0,114,29,114,28,False,73.9,25,100,100,300,73.02,100.1,1.0,16.0,20000.0,2.0,200.0,0.0,1.0,1.0,0.11,200.0,2.0,0.0600048,5.0,20000.0,1.0,2.0,200.0,1.0,0.0,4.6000000000000005,4096.0,2304.0,4.6000000000000005,20000.0,100.0,2.0,200.0,0.0,100.0,1.0,1.0,0.060422399999999994,16.550153585425274,7.2e-06,0.638888888888889,1.0,0.1,1.0,1.0,3.0,1.0,0.0,2.0,0.0009999999999999998,2.0,0.0,2.0,1.0,2.0,256.0,51248.0,916.0,2.0,1.0,-20.0,2308.0,100.0,2.0,792.0,100.0,2.0,5.0,0.0,3.0,0.0004104,2.88e-05,0.0,0.06043679999999999,0.00042479999999999997,1.0,2.0,0.0,3.0,1.0,2.0,2.0,1.0,b'IMAGE',b'IMAGE_GRAYSCALE',b'1.2',0,Orca_Camera,False,tweez,0.09,1.5,0.432,15,True,74.94,24,110,True,False,73.7,74.6,20,0.5,10,40,10,10,0.09,0.377,0.43,0.9,35,Z:\Experiments\Sr\Selection_experiment\2024\10\23\0043\2024-10-23_0043_Selection_experiment_092.h5,abs,basler_abs,orca,2.5,0.1,209,28,F:\Experiments\Sr\Selection_experiment\2024\10\23\0043\2024-10-23_0043_Selection_experiment_092.h5,False,True,340,340,Selection_experiment.py,150,True,True,True,1,189,1.0,26.5,30,92,0,2024-10-23 19:02:04.867467+02:00,2024-10-23 18:58:06+02:00,43,75.455,100,True,170,28,True
60,19.7,0,0,0,32.0,33.0,29.0,5.390625,6.09375,5.625,19.9,34.5,39.0,36.0,77.73804,86.83496,66.734375,False,110.0,1,0.5,80,28,108,18.0,114,29,114,28,False,73.9,25,100,100,300,73.02,100.1,1.0,16.0,20000.0,2.0,200.0,0.0,1.0,1.0,0.11,200.0,2.0,0.11000159999999999,5.0,20000.0,1.0,2.0,200.0,1.0,0.0,4.6000000000000005,4096.0,2304.0,4.6000000000000005,20000.0,100.0,2.0,200.0,0.0,100.0,1.0,1.0,0.1104192,9.056395989103345,7.2e-06,0.638888888888889,1.0,0.1,1.0,1.0,3.0,1.0,0.0,2.0,0.0009999999999999998,2.0,0.0,2.0,1.0,2.0,256.0,51248.0,916.0,2.0,1.0,-20.0,2308.0,100.0,2.0,792.0,100.0,2.0,5.0,0.0,3.0,0.0004104,2.88e-05,0.0,0.11043359999999999,0.00042479999999999997,1.0,2.0,0.0,3.0,1.0,2.0,2.0,1.0,b'IMAGE',b'IMAGE_GRAYSCALE',b'1.2',0,Orca_Camera,False,tweez,0.09,1.5,0.432,15,True,74.94,24,110,True,False,73.7,74.6,20,0.5,10,40,10,10,0.09,0.377,0.43,0.9,35,Z:\Experiments\Sr\Selection_experiment\2024\10\23\0043\2024-10-23_0043_Selection_experiment_093.h5,abs,basler_abs,orca,2.5,0.1,209,28,F:\Experiments\Sr\Selection_experiment\2024\10\23\0043\2024-10-23_0043_Selection_experiment_093.h5,False,True,340,340,Selection_experiment.py,150,True,True,True,1,189,1.0,26.5,30,93,0,2024-10-23 19:02:07.306464+02:00,2024-10-23 18:58:06+02:00,43,75.455,100,True,170,28,True
60,19.7,1,1,0,32.0,46.0,35.0,6.71875,6.609375,5.203125,20.0,43.0,42.3,33.3,61.4834,95.73804,77.786865,False,160.0,1,0.5,80,28,108,18.0,114,29,114,28,False,73.9,25,100,100,300,73.02,100.1,1.0,16.0,20000.0,2.0,200.0,0.0,1.0,1.0,0.11,200.0,2.0,0.1600056,5.0,20000.0,1.0,2.0,200.0,1.0,0.0,4.6000000000000005,4096.0,2304.0,4.6000000000000005,20000.0,100.0,2.0,200.0,0.0,100.0,1.0,1.0,0.1604232,6.233512359808308,7.2e-06,0.638888888888889,1.0,0.1,1.0,1.0,3.0,1.0,0.0,2.0,0.0009999999999999998,2.0,0.0,2.0,1.0,2.0,256.0,51248.0,916.0,2.0,1.0,-20.0,2308.0,100.0,2.0,792.0,100.0,2.0,5.0,0.0,3.0,0.0004104,2.88e-05,0.0,0.16043759999999999,0.00042479999999999997,1.0,2.0,0.0,3.0,1.0,2.0,2.0,1.0,b'IMAGE',b'IMAGE_GRAYSCALE',b'1.2',0,Orca_Camera,False,tweez,0.09,1.5,0.432,15,True,74.94,24,110,True,False,73.7,74.6,20,0.5,10,40,10,10,0.09,0.377,0.43,0.9,35,Z:\Experiments\Sr\Selection_experiment\2024\10\23\0043\2024-10-23_0043_Selection_experiment_094.h5,abs,basler_abs,orca,2.5,0.1,209,28,F:\Experiments\Sr\Selection_experiment\2024\10\23\0043\2024-10-23_0043_Selection_experiment_094.h5,False,True,340,340,Selection_experiment.py,150,True,True,True,1,189,1.0,26.5,30,94,0,2024-10-23 19:02:09.673149+02:00,2024-10-23 18:58:06+02:00,43,75.455,100,True,170,28,True
60,19.7,1,1,0,34.0,41.0,20.0,7.65625,7.609375,4.796875,22.7,49.0,48.7,30.7,94.631836,92.20679,60.786865,False,210.0,1,0.5,80,28,108,18.0,114,29,114,28,False,73.9,25,100,100,300,73.02,100.1,1.0,16.0,20000.0,2.0,200.0,0.0,1.0,1.0,0.11,200.0,2.0,0.21000239999999998,5.0,20000.0,1.0,2.0,200.0,1.0,0.0,4.6000000000000005,4096.0,2304.0,4.6000000000000005,20000.0,100.0,2.0,200.0,0.0,100.0,1.0,1.0,0.21042,4.7523999619808,7.2e-06,0.638888888888889,1.0,0.1,1.0,1.0,3.0,1.0,0.0,2.0,0.0009999999999999998,2.0,0.0,2.0,1.0,2.0,256.0,51248.0,916.0,2.0,1.0,-20.0,2308.0,100.0,2.0,792.0,100.0,2.0,5.0,0.0,3.0,0.0004104,2.88e-05,0.0,0.2104344,0.00042479999999999997,1.0,2.0,0.0,3.0,1.0,2.0,2.0,1.0,b'IMAGE',b'IMAGE_GRAYSCALE',b'1.2',0,Orca_Camera,False,tweez,0.09,1.5,0.432,15,True,74.94,24,110,True,False,73.7,74.6,20,0.5,10,40,10,10,0.09,0.377,0.43,0.9,35,Z:\Experiments\Sr\Selection_experiment\2024\10\23\0043\2024-10-23_0043_Selection_experiment_095.h5,abs,basler_abs,orca,2.5,0.1,209,28,F:\Experiments\Sr\Selection_experiment\2024\10\23\0043\2024-10-23_0043_Selection_experiment_095.h5,False,True,340,340,Selection_experiment.py,150,True,True,True,1,189,1.0,26.5,30,95,0,2024-10-23 19:02:12.047758+02:00,2024-10-23 18:58:06+02:00,43,75.455,100,True,170,28,True
60,19.7,1,1,0,40.0,43.0,38.0,8.734375,12.078125,5.75,39.9,55.9,77.3,36.8,123.19507,138.47827,102.5,False,260.0,1,0.5,80,28,108,18.0,114,29,114,28,False,73.9,25,100,100,300,73.02,100.1,1.0,16.0,20000.0,2.0,200.0,0.0,1.0,1.0,0.11,200.0,2.0,0.26000639999999997,5.0,20000.0,1.0,2.0,200.0,1.0,0.0,4.6000000000000005,4096.0,2304.0,4.6000000000000005,20000.0,100.0,2.0,200.0,0.0,100.0,1.0,1.0,0.260424,3.8398918686449792,7.2e-06,0.638888888888889,1.0,0.1,1.0,1.0,3.0,1.0,0.0,2.0,0.0009999999999999998,2.0,0.0,2.0,1.0,2.0,256.0,51248.0,916.0,2.0,1.0,-20.0,2308.0,100.0,2.0,792.0,100.0,2.0,5.0,0.0,3.0,0.0004104,2.88e-05,0.0,0.2604384,0.00042479999999999997,1.0,2.0,0.0,3.0,1.0,2.0,2.0,1.0,b'IMAGE',b'IMAGE_GRAYSCALE',b'1.2',0,Orca_Camera,False,tweez,0.09,1.5,0.432,15,True,74.94,24,110,True,False,73.7,74.6,20,0.5,10,40,10,10,0.09,0.377,0.43,0.9,35,Z:\Experiments\Sr\Selection_experiment\2024\10\23\0043\2024-10-23_0043_Selection_experiment_096.h5,abs,basler_abs,orca,2.5,0.1,209,28,F:\Experiments\Sr\Selection_experiment\2024\10\23\0043\2024-10-23_0043_Selection_experiment_096.h5,False,True,340,340,Selection_experiment.py,150,True,True,True,1,189,1.0,26.5,30,96,0,2024-10-23 19:02:15.064919+02:00,2024-10-23 18:58:06+02:00,43,75.455,100,True,170,28,True
60,19.7,1,1,1,55.0,45.0,39.0,10.265625,8.9375,9.421875,41.2,65.7,57.2,60.3,163.22632,123.99609,134.46265,False,310.0,1,0.5,80,28,108,18.0,114,29,114,28,False,73.9,25,100,100,300,73.02,100.1,1.0,16.0,20000.0,2.0,200.0,0.0,1.0,1.0,0.11,200.0,2.0,0.3100032,5.0,20000.0,1.0,2.0,200.0,1.0,0.0,4.6000000000000005,4096.0,2304.0,4.6000000000000005,20000.0,100.0,2.0,200.0,0.0,100.0,1.0,1.0,0.3104208,3.2214336152732033,7.2e-06,0.638888888888889,1.0,0.1,1.0,1.0,3.0,1.0,0.0,2.0,0.0009999999999999998,2.0,0.0,2.0,1.0,2.0,256.0,51248.0,916.0,2.0,1.0,-20.0,2308.0,100.0,2.0,792.0,100.0,2.0,5.0,0.0,3.0,0.0004104,2.88e-05,0.0,0.3104352,0.00042479999999999997,1.0,2.0,0.0,3.0,1.0,2.0,2.0,1.0,b'IMAGE',b'IMAGE_GRAYSCALE',b'1.2',0,Orca_Camera,False,tweez,0.09,1.5,0.432,15,True,74.94,24,110,True,False,73.7,74.6,20,0.5,10,40,10,10,0.09,0.377,0.43,0.9,35,Z:\Experiments\Sr\Selection_experiment\2024\10\23\0043\2024-10-23_0043_Selection_experiment_097.h5,abs,basler_abs,orca,2.5,0.1,209,28,F:\Experiments\Sr\Selection_experiment\2024\10\23\0043\2024-10-23_0043_Selection_experiment_097.h5,False,True,340,340,Selection_experiment.py,150,True,True,True,1,189,1.0,26.5,30,97,0,2024-10-23 19:02:17.510386+02:00,2024-10-23 18:58:06+02:00,43,75.455,100,True,170,28,True
60,19.7,0,0,0,16.0,16.0,11.0,0.78125,1.953125,0.671875,19.2,5.0,12.5,4.3,29.170898,22.169678,16.376709,False,10.0,1,0.5,80,28,108,20.0,114,29,114,28,False,73.9,25,100,100,300,73.02,100.1,1.0,16.0,20000.0,2.0,200.0,0.0,1.0,1.0,0.11,200.0,2.0,0.010000799999999999,5.0,20000.0,1.0,2.0,200.0,1.0,0.0,4.6000000000000005,4096.0,2304.0,4.6000000000000005,20000.0,100.0,2.0,200.0,0.0,100.0,1.0,1.0,0.0104184,95.98402825769793,7.2e-06,0.638888888888889,1.0,0.1,1.0,1.0,3.0,1.0,0.0,2.0,0.0009999999999999998,2.0,0.0,2.0,1.0,2.0,256.0,51248.0,916.0,2.0,1.0,-20.0,2308.0,100.0,2.0,792.0,100.0,2.0,5.0,0.0,3.0,0.0004104,2.88e-05,0.0,0.010432799999999999,0.00042479999999999997,1.0,2.0,0.0,3.0,1.0,2.0,2.0,1.0,b'IMAGE',b'IMAGE_GRAYSCALE',b'1.2',0,Orca_Camera,False,tweez,0.09,1.5,0.432,15,True,74.94,24,110,True,False,73.7,74.6,20,0.5,10,40,10,10,0.09,0.377,0.43,0.9,35,Z:\Experiments\Sr\Selection_experiment\2024\10\23\0043\2024-10-23_0043_Selection_experiment_098.h5,abs,basler_abs,orca,2.5,0.1,209,28,F:\Experiments\Sr\Selection_experiment\2024\10\23\0043\2024-10-23_0043_Selection_experiment_098.h5,False,True,340,340,Selection_experiment.py,150,True,True,True,1,189,1.0,26.5,30,98,0,2024-10-23 19:02:20.376565+02:00,2024-10-23 18:58:06+02:00,43,75.455,100,True,170,28,True
60,19.7,0,0,0,23.0,35.0,23.0,6.140625,3.90625,2.328125,15.8,39.3,25.0,14.9,40.3396,56.20996,57.56421,False,60.0,1,0.5,80,28,108,20.0,114,29,114,28,False,73.9,25,100,100,300,73.02,100.1,1.0,16.0,20000.0,2.0,200.0,0.0,1.0,1.0,0.11,200.0,2.0,0.0600048,5.0,20000.0,1.0,2.0,200.0,1.0,0.0,4.6000000000000005,4096.0,2304.0,4.6000000000000005,20000.0,100.0,2.0,200.0,0.0,100.0,1.0,1.0,0.060422399999999994,16.550153585425274,7.2e-06,0.638888888888889,1.0,0.1,1.0,1.0,3.0,1.0,0.0,2.0,0.0009999999999999998,2.0,0.0,2.0,1.0,2.0,256.0,51248.0,916.0,2.0,1.0,-20.0,2308.0,100.0,2.0,792.0,100.0,2.0,5.0,0.0,3.0,0.0004104,2.88e-05,0.0,0.06043679999999999,0.00042479999999999997,1.0,2.0,0.0,3.0,1.0,2.0,2.0,1.0,b'IMAGE',b'IMAGE_GRAYSCALE',b'1.2',0,Orca_Camera,False,tweez,0.09,1.5,0.432,15,True,74.94,24,110,True,False,73.7,74.6,20,0.5,10,40,10,10,0.09,0.377,0.43,0.9,35,Z:\Experiments\Sr\Selection_experiment\2024\10\23\0043\2024-10-23_0043_Selection_experiment_099.h5,abs,basler_abs,orca,2.5,0.1,209,28,F:\Experiments\Sr\Selection_experiment\2024\10\23\0043\2024-10-23_0043_Selection_experiment_099.h5,False,True,340,340,Selection_experiment.py,150,True,True,True,1,189,1.0,26.5,30,99,0,2024-10-23 19:02:22.700319+02:00,2024-10-23 18:58:06+02:00,43,75.455,100,True,170,28,True
60,19.7,1,1,0,33.0,50.0,25.0,6.75,9.28125,5.421875,30.3,43.2,59.4,34.7,89.96875,128.01465,82.4939,False,110.0,1,0.5,80,28,108,20.0,114,29,114,28,False,73.9,25,100,100,300,73.02,100.1,1.0,16.0,20000.0,2.0,200.0,0.0,1.0,1.0,0.11,200.0,2.0,0.11000159999999999,5.0,20000.0,1.0,2.0,200.0,1.0,0.0,4.6000000000000005,4096.0,2304.0,4.6000000000000005,20000.0,100.0,2.0,200.0,0.0,100.0,1.0,1.0,0.1104192,9.056395989103345,7.2e-06,0.638888888888889,1.0,0.1,1.0,1.0,3.0,1.0,0.0,2.0,0.0009999999999999998,2.0,0.0,2.0,1.0,2.0,256.0,51248.0,916.0,2.0,1.0,-20.0,2308.0,100.0,2.0,792.0,100.0,2.0,5.0,0.0,3.0,0.0004104,2.88e-05,0.0,0.11043359999999999,0.00042479999999999997,1.0,2.0,0.0,3.0,1.0,2.0,2.0,1.0,b'IMAGE',b'IMAGE_GRAYSCALE',b'1.2',0,Orca_Camera,False,tweez,0.09,1.5,0.432,15,True,74.94,24,110,True,False,73.7,74.6,20,0.5,10,40,10,10,0.09,0.377,0.43,0.9,35,Z:\Experiments\Sr\Selection_experiment\2024\10\23\0043\2024-10-23_0043_Selection_experiment_100.h5,abs,basler_abs,orca,2.5,0.1,209,28,F:\Experiments\Sr\Selection_experiment\2024\10\23\0043\2024-10-23_0043_Selection_experiment_100.h5,False,True,340,340,Selection_experiment.py,150,True,True,True,1,189,1.0,26.5,30,100,0,2024-10-23 19:02:25.129353+02:00,2024-10-23 18:58:06+02:00,43,75.455,100,True,170,28,True
60,19.7,1,1,1,36.0,45.0,36.0,10.515625,9.578125,7.640625,33.2,67.3,61.3,48.9,98.406006,97.8689,105.542725,False,160.0,1,0.5,80,28,108,20.0,114,29,114,28,False,73.9,25,100,100,300,73.02,100.1,1.0,16.0,20000.0,2.0,200.0,0.0,1.0,1.0,0.11,200.0,2.0,0.1600056,5.0,20000.0,1.0,2.0,200.0,1.0,0.0,4.6000000000000005,4096.0,2304.0,4.6000000000000005,20000.0,100.0,2.0,200.0,0.0,100.0,1.0,1.0,0.1604232,6.233512359808308,7.2e-06,0.638888888888889,1.0,0.1,1.0,1.0,3.0,1.0,0.0,2.0,0.0009999999999999998,2.0,0.0,2.0,1.0,2.0,256.0,51248.0,916.0,2.0,1.0,-20.0,2308.0,100.0,2.0,792.0,100.0,2.0,5.0,0.0,3.0,0.0004104,2.88e-05,0.0,0.16043759999999999,0.00042479999999999997,1.0,2.0,0.0,3.0,1.0,2.0,2.0,1.0,b'IMAGE',b'IMAGE_GRAYSCALE',b'1.2',0,Orca_Camera,False,tweez,0.09,1.5,0.432,15,True,74.94,24,110,True,False,73.7,74.6,20,0.5,10,40,10,10,0.09,0.377,0.43,0.9,35,Z:\Experiments\Sr\Selection_experiment\2024\10\23\0043\2024-10-23_0043_Selection_experiment_101.h5,abs,basler_abs,orca,2.5,0.1,209,28,F:\Experiments\Sr\Selection_experiment\2024\10\23\0043\2024-10-23_0043_Selection_experiment_101.h5,False,True,340,340,Selection_experiment.py,150,True,True,True,1,189,1.0,26.5,30,101,0,2024-10-23 19:02:27.506258+02:00,2024-10-23 18:58:06+02:00,43,75.455,100,True,170,28,True
60,19.7,1,1,1,54.0,45.0,37.0,13.84375,11.8125,10.28125,37.3,88.6,75.6,65.8,166.47559,129.8086,144.6709,False,210.0,1,0.5,80,28,108,20.0,114,29,114,28,False,73.9,25,100,100,300,73.02,100.1,1.0,16.0,20000.0,2.0,200.0,0.0,1.0,1.0,0.11,200.0,2.0,0.21000239999999998,5.0,20000.0,1.0,2.0,200.0,1.0,0.0,4.6000000000000005,4096.0,2304.0,4.6000000000000005,20000.0,100.0,2.0,200.0,0.0,100.0,1.0,1.0,0.21042,4.7523999619808,7.2e-06,0.638888888888889,1.0,0.1,1.0,1.0,3.0,1.0,0.0,2.0,0.0009999999999999998,2.0,0.0,2.0,1.0,2.0,256.0,51248.0,916.0,2.0,1.0,-20.0,2308.0,100.0,2.0,792.0,100.0,2.0,5.0,0.0,3.0,0.0004104,2.88e-05,0.0,0.2104344,0.00042479999999999997,1.0,2.0,0.0,3.0,1.0,2.0,2.0,1.0,b'IMAGE',b'IMAGE_GRAYSCALE',b'1.2',0,Orca_Camera,False,tweez,0.09,1.5,0.432,15,True,74.94,24,110,True,False,73.7,74.6,20,0.5,10,40,10,10,0.09,0.377,0.43,0.9,35,Z:\Experiments\Sr\Selection_experiment\2024\10\23\0043\2024-10-23_0043_Selection_experiment_102.h5,abs,basler_abs,orca,2.5,0.1,209,28,F:\Experiments\Sr\Selection_experiment\2024\10\23\0043\2024-10-23_0043_Selection_experiment_102.h5,False,True,340,340,Selection_experiment.py,150,True,True,True,1,189,1.0,26.5,30,102,0,2024-10-23 19:02:29.967316+02:00,2024-10-23 18:58:06+02:00,43,75.455,100,True,170,28,True
60,19.7,1,1,1,67.0,63.0,43.0,13.375,17.046875,10.625,39.7,85.6,109.1,68.0,188.64062,239.35718,125.578125,False,260.0,1,0.5,80,28,108,20.0,114,29,114,28,False,73.9,25,100,100,300,73.02,100.1,1.0,16.0,20000.0,2.0,200.0,0.0,1.0,1.0,0.11,200.0,2.0,0.26000639999999997,5.0,20000.0,1.0,2.0,200.0,1.0,0.0,4.6000000000000005,4096.0,2304.0,4.6000000000000005,20000.0,100.0,2.0,200.0,0.0,100.0,1.0,1.0,0.260424,3.8398918686449792,7.2e-06,0.638888888888889,1.0,0.1,1.0,1.0,3.0,1.0,0.0,2.0,0.0009999999999999998,2.0,0.0,2.0,1.0,2.0,256.0,51248.0,916.0,2.0,1.0,-20.0,2308.0,100.0,2.0,792.0,100.0,2.0,5.0,0.0,3.0,0.0004104,2.88e-05,0.0,0.2604384,0.00042479999999999997,1.0,2.0,0.0,3.0,1.0,2.0,2.0,1.0,b'IMAGE',b'IMAGE_GRAYSCALE',b'1.2',0,Orca_Camera,False,tweez,0.09,1.5,0.432,15,True,74.94,24,110,True,False,73.7,74.6,20,0.5,10,40,10,10,0.09,0.377,0.43,0.9,35,Z:\Experiments\Sr\Selection_experiment\2024\10\23\0043\2024-10-23_0043_Selection_experiment_103.h5,abs,basler_abs,orca,2.5,0.1,209,28,F:\Experiments\Sr\Selection_experiment\2024\10\23\0043\2024-10-23_0043_Selection_experiment_103.h5,False,True,340,340,Selection_experiment.py,150,True,True,True,1,189,1.0,26.5,30,103,0,2024-10-23 19:02:32.847957+02:00,2024-10-23 18:58:06+02:00,43,75.455,100,True,170,28,True
60,19.7,1,1,1,64.0,127.0,53.0,16.71875,23.71875,14.1875,37.1,107.0,151.8,90.8,276.70215,582.7334,189.5586,False,310.0,1,0.5,80,28,108,20.0,114,29,114,28,False,73.9,25,100,100,300,73.02,100.1,1.0,16.0,20000.0,2.0,200.0,0.0,1.0,1.0,0.11,200.0,2.0,0.3100032,5.0,20000.0,1.0,2.0,200.0,1.0,0.0,4.6000000000000005,4096.0,2304.0,4.6000000000000005,20000.0,100.0,2.0,200.0,0.0,100.0,1.0,1.0,0.3104208,3.2214336152732033,7.2e-06,0.638888888888889,1.0,0.1,1.0,1.0,3.0,1.0,0.0,2.0,0.0009999999999999998,2.0,0.0,2.0,1.0,2.0,256.0,51248.0,916.0,2.0,1.0,-20.0,2308.0,100.0,2.0,792.0,100.0,2.0,5.0,0.0,3.0,0.0004104,2.88e-05,0.0,0.3104352,0.00042479999999999997,1.0,2.0,0.0,3.0,1.0,2.0,2.0,1.0,b'IMAGE',b'IMAGE_GRAYSCALE',b'1.2',0,Orca_Camera,False,tweez,0.09,1.5,0.432,15,True,74.94,24,110,True,False,73.7,74.6,20,0.5,10,40,10,10,0.09,0.377,0.43,0.9,35,Z:\Experiments\Sr\Selection_experiment\2024\10\23\0043\2024-10-23_0043_Selection_experiment_104.h5,abs,basler_abs,orca,2.5,0.1,209,28,F:\Experiments\Sr\Selection_experiment\2024\10\23\0043\2024-10-23_0043_Selection_experiment_104.h5,False,True,340,340,Selection_experiment.py,150,True,True,True,1,189,1.0,26.5,30,104,0,2024-10-23 19:02:35.657547+02:00,2024-10-23 18:58:06+02:00,43,75.455,100,True,170,28,True
60,19.7,0,0,0,29.0,20.0,25.0,1.375,2.015625,1.453125,12.9,8.8,12.9,9.3,46.734375,32.26538,31.622803,False,10.0,1,0.5,80,28,108,22.0,114,29,114,28,False,73.9,25,100,100,300,73.02,100.1,1.0,16.0,20000.0,2.0,200.0,0.0,1.0,1.0,0.11,200.0,2.0,0.010000799999999999,5.0,20000.0,1.0,2.0,200.0,1.0,0.0,4.6000000000000005,4096.0,2304.0,4.6000000000000005,20000.0,100.0,2.0,200.0,0.0,100.0,1.0,1.0,0.0104184,95.98402825769793,7.2e-06,0.638888888888889,1.0,0.1,1.0,1.0,3.0,1.0,0.0,2.0,0.0009999999999999998,2.0,0.0,2.0,1.0,2.0,256.0,51248.0,916.0,2.0,1.0,-20.0,2308.0,100.0,2.0,792.0,100.0,2.0,5.0,0.0,3.0,0.0004104,2.88e-05,0.0,0.010432799999999999,0.00042479999999999997,1.0,2.0,0.0,3.0,1.0,2.0,2.0,1.0,b'IMAGE',b'IMAGE_GRAYSCALE',b'1.2',0,Orca_Camera,False,tweez,0.09,1.5,0.432,15,True,74.94,24,110,True,False,73.7,74.6,20,0.5,10,40,10,10,0.09,0.377,0.43,0.9,35,Z:\Experiments\Sr\Selection_experiment\2024\10\23\0043\2024-10-23_0043_Selection_experiment_105.h5,abs,basler_abs,orca,2.5,0.1,209,28,F:\Experiments\Sr\Selection_experiment\2024\10\23\0043\2024-10-23_0043_Selection_experiment_105.h5,False,True,340,340,Selection_experiment.py,150,True,True,True,1,189,1.0,26.5,30,105,0,2024-10-23 19:02:38.464266+02:00,2024-10-23 18:58:06+02:00,43,75.455,100,True,170,28,True
60,19.7,1,1,1,99.0,58.0,35.0,13.125,11.625,6.46875,30.2,84.0,74.4,41.4,307.70312,169.48438,95.56152,False,60.0,1,0.5,80,28,108,22.0,114,29,114,28,False,73.9,25,100,100,300,73.02,100.1,1.0,16.0,20000.0,2.0,200.0,0.0,1.0,1.0,0.11,200.0,2.0,0.0600048,5.0,20000.0,1.0,2.0,200.0,1.0,0.0,4.6000000000000005,4096.0,2304.0,4.6000000000000005,20000.0,100.0,2.0,200.0,0.0,100.0,1.0,1.0,0.060422399999999994,16.550153585425274,7.2e-06,0.638888888888889,1.0,0.1,1.0,1.0,3.0,1.0,0.0,2.0,0.0009999999999999998,2.0,0.0,2.0,1.0,2.0,256.0,51248.0,916.0,2.0,1.0,-20.0,2308.0,100.0,2.0,792.0,100.0,2.0,5.0,0.0,3.0,0.0004104,2.88e-05,0.0,0.06043679999999999,0.00042479999999999997,1.0,2.0,0.0,3.0,1.0,2.0,2.0,1.0,b'IMAGE',b'IMAGE_GRAYSCALE',b'1.2',0,Orca_Camera,False,tweez,0.09,1.5,0.432,15,True,74.94,24,110,True,False,73.7,74.6,20,0.5,10,40,10,10,0.09,0.377,0.43,0.9,35,Z:\Experiments\Sr\Selection_experiment\2024\10\23\0043\2024-10-23_0043_Selection_experiment_106.h5,abs,basler_abs,orca,2.5,0.1,209,28,F:\Experiments\Sr\Selection_experiment\2024\10\23\0043\2024-10-23_0043_Selection_experiment_106.h5,False,True,340,340,Selection_experiment.py,150,True,True,True,1,189,1.0,26.5,30,106,0,2024-10-23 19:02:40.758821+02:00,2024-10-23 18:58:06+02:00,43,75.455,100,True,170,28,True
60,19.7,1,1,1,107.0,139.0,48.0,23.09375,25.1875,11.84375,22.5,147.8,161.2,75.8,663.58496,638.6836,149.97559,False,110.0,1,0.5,80,28,108,22.0,114,29,114,28,False,73.9,25,100,100,300,73.02,100.1,1.0,16.0,20000.0,2.0,200.0,0.0,1.0,1.0,0.11,200.0,2.0,0.11000159999999999,5.0,20000.0,1.0,2.0,200.0,1.0,0.0,4.6000000000000005,4096.0,2304.0,4.6000000000000005,20000.0,100.0,2.0,200.0,0.0,100.0,1.0,1.0,0.1104192,9.056395989103345,7.2e-06,0.638888888888889,1.0,0.1,1.0,1.0,3.0,1.0,0.0,2.0,0.0009999999999999998,2.0,0.0,2.0,1.0,2.0,256.0,51248.0,916.0,2.0,1.0,-20.0,2308.0,100.0,2.0,792.0,100.0,2.0,5.0,0.0,3.0,0.0004104,2.88e-05,0.0,0.11043359999999999,0.00042479999999999997,1.0,2.0,0.0,3.0,1.0,2.0,2.0,1.0,b'IMAGE',b'IMAGE_GRAYSCALE',b'1.2',0,Orca_Camera,False,tweez,0.09,1.5,0.432,15,True,74.94,24,110,True,False,73.7,74.6,20,0.5,10,40,10,10,0.09,0.377,0.43,0.9,35,Z:\Experiments\Sr\Selection_experiment\2024\10\23\0043\2024-10-23_0043_Selection_experiment_107.h5,abs,basler_abs,orca,2.5,0.1,209,28,F:\Experiments\Sr\Selection_experiment\2024\10\23\0043\2024-10-23_0043_Selection_experiment_107.h5,False,True,340,340,Selection_experiment.py,150,True,True,True,1,189,1.0,26.5,30,107,0,2024-10-23 19:02:43.024351+02:00,2024-10-23 18:58:06+02:00,43,75.455,100,True,170,28,True
60,19.7,1,1,1,132.0,186.0,81.0,33.515625,33.5,21.21875,27.9,214.5,214.4,135.8,990.7185,1233.1562,330.57715,False,160.0,1,0.5,80,28,108,22.0,114,29,114,28,False,73.9,25,100,100,300,73.02,100.1,1.0,16.0,20000.0,2.0,200.0,0.0,1.0,1.0,0.11,200.0,2.0,0.1600056,5.0,20000.0,1.0,2.0,200.0,1.0,0.0,4.6000000000000005,4096.0,2304.0,4.6000000000000005,20000.0,100.0,2.0,200.0,0.0,100.0,1.0,1.0,0.1604232,6.233512359808308,7.2e-06,0.638888888888889,1.0,0.1,1.0,1.0,3.0,1.0,0.0,2.0,0.0009999999999999998,2.0,0.0,2.0,1.0,2.0,256.0,51248.0,916.0,2.0,1.0,-20.0,2308.0,100.0,2.0,792.0,100.0,2.0,5.0,0.0,3.0,0.0004104,2.88e-05,0.0,0.16043759999999999,0.00042479999999999997,1.0,2.0,0.0,3.0,1.0,2.0,2.0,1.0,b'IMAGE',b'IMAGE_GRAYSCALE',b'1.2',0,Orca_Camera,False,tweez,0.09,1.5,0.432,15,True,74.94,24,110,True,False,73.7,74.6,20,0.5,10,40,10,10,0.09,0.377,0.43,0.9,35,Z:\Experiments\Sr\Selection_experiment\2024\10\23\0043\2024-10-23_0043_Selection_experiment_108.h5,abs,basler_abs,orca,2.5,0.1,209,28,F:\Experiments\Sr\Selection_experiment\2024\10\23\0043\2024-10-23_0043_Selection_experiment_108.h5,False,True,340,340,Selection_experiment.py,150,True,True,True,1,189,1.0,26.5,30,108,0,2024-10-23 19:02:45.325774+02:00,2024-10-23 18:58:06+02:00,43,75.455,100,True,170,28,True
60,19.7,1,1,1,146.0,159.0,126.0,38.1875,42.859375,26.46875,37.8,244.4,274.3,169.4,1396.1836,1506.0895,586.1553,False,210.0,1,0.5,80,28,108,22.0,114,29,114,28,False,73.9,25,100,100,300,73.02,100.1,1.0,16.0,20000.0,2.0,200.0,0.0,1.0,1.0,0.11,200.0,2.0,0.21000239999999998,5.0,20000.0,1.0,2.0,200.0,1.0,0.0,4.6000000000000005,4096.0,2304.0,4.6000000000000005,20000.0,100.0,2.0,200.0,0.0,100.0,1.0,1.0,0.21042,4.7523999619808,7.2e-06,0.638888888888889,1.0,0.1,1.0,1.0,3.0,1.0,0.0,2.0,0.0009999999999999998,2.0,0.0,2.0,1.0,2.0,256.0,51248.0,916.0,2.0,1.0,-20.0,2308.0,100.0,2.0,792.0,100.0,2.0,5.0,0.0,3.0,0.0004104,2.88e-05,0.0,0.2104344,0.00042479999999999997,1.0,2.0,0.0,3.0,1.0,2.0,2.0,1.0,b'IMAGE',b'IMAGE_GRAYSCALE',b'1.2',0,Orca_Camera,False,tweez,0.09,1.5,0.432,15,True,74.94,24,110,True,False,73.7,74.6,20,0.5,10,40,10,10,0.09,0.377,0.43,0.9,35,Z:\Experiments\Sr\Selection_experiment\2024\10\23\0043\2024-10-23_0043_Selection_experiment_109.h5,abs,basler_abs,orca,2.5,0.1,209,28,F:\Experiments\Sr\Selection_experiment\2024\10\23\0043\2024-10-23_0043_Selection_experiment_109.h5,False,True,340,340,Selection_experiment.py,150,True,True,True,1,189,1.0,26.5,30,109,0,2024-10-23 19:02:47.633378+02:00,2024-10-23 18:58:06+02:00,43,75.455,100,True,170,28,True
60,19.7,1,1,1,196.0,226.0,75.0,43.359375,52.296875,25.53125,37.0,277.5,334.7,163.4,1911.9489,2297.3022,383.78027,False,260.0,1,0.5,80,28,108,22.0,114,29,114,28,False,73.9,25,100,100,300,73.02,100.1,1.0,16.0,20000.0,2.0,200.0,0.0,1.0,1.0,0.11,200.0,2.0,0.26000639999999997,5.0,20000.0,1.0,2.0,200.0,1.0,0.0,4.6000000000000005,4096.0,2304.0,4.6000000000000005,20000.0,100.0,2.0,200.0,0.0,100.0,1.0,1.0,0.260424,3.8398918686449792,7.2e-06,0.638888888888889,1.0,0.1,1.0,1.0,3.0,1.0,0.0,2.0,0.0009999999999999998,2.0,0.0,2.0,1.0,2.0,256.0,51248.0,916.0,2.0,1.0,-20.0,2308.0,100.0,2.0,792.0,100.0,2.0,5.0,0.0,3.0,0.0004104,2.88e-05,0.0,0.2604384,0.00042479999999999997,1.0,2.0,0.0,3.0,1.0,2.0,2.0,1.0,b'IMAGE',b'IMAGE_GRAYSCALE',b'1.2',0,Orca_Camera,False,tweez,0.09,1.5,0.432,15,True,74.94,24,110,True,False,73.7,74.6,20,0.5,10,40,10,10,0.09,0.377,0.43,0.9,35,Z:\Experiments\Sr\Selection_experiment\2024\10\23\0043\2024-10-23_0043_Selection_experiment_110.h5,abs,basler_abs,orca,2.5,0.1,209,28,F:\Experiments\Sr\Selection_experiment\2024\10\23\0043\2024-10-23_0043_Selection_experiment_110.h5,False,True,340,340,Selection_experiment.py,150,True,True,True,1,189,1.0,26.5,30,110,0,2024-10-23 19:02:50.423886+02:00,2024-10-23 18:58:06+02:00,43,75.455,100,True,170,28,True
60,19.7,1,1,1,282.0,141.0,107.0,51.5,39.375,30.828125,36.0,329.6,252.0,197.3,2918.9688,1138.7969,687.6111,False,310.0,1,0.5,80,28,108,22.0,114,29,114,28,False,73.9,25,100,100,300,73.02,100.1,1.0,16.0,20000.0,2.0,200.0,0.0,1.0,1.0,0.11,200.0,2.0,0.3100032,5.0,20000.0,1.0,2.0,200.0,1.0,0.0,4.6000000000000005,4096.0,2304.0,4.6000000000000005,20000.0,100.0,2.0,200.0,0.0,100.0,1.0,1.0,0.3104208,3.2214336152732033,7.2e-06,0.638888888888889,1.0,0.1,1.0,1.0,3.0,1.0,0.0,2.0,0.0009999999999999998,2.0,0.0,2.0,1.0,2.0,256.0,51248.0,916.0,2.0,1.0,-20.0,2308.0,100.0,2.0,792.0,100.0,2.0,5.0,0.0,3.0,0.0004104,2.88e-05,0.0,0.3104352,0.00042479999999999997,1.0,2.0,0.0,3.0,1.0,2.0,2.0,1.0,b'IMAGE',b'IMAGE_GRAYSCALE',b'1.2',0,Orca_Camera,False,tweez,0.09,1.5,0.432,15,True,74.94,24,110,True,False,73.7,74.6,20,0.5,10,40,10,10,0.09,0.377,0.43,0.9,35,Z:\Experiments\Sr\Selection_experiment\2024\10\23\0043\2024-10-23_0043_Selection_experiment_111.h5,abs,basler_abs,orca,2.5,0.1,209,28,F:\Experiments\Sr\Selection_experiment\2024\10\23\0043\2024-10-23_0043_Selection_experiment_111.h5,False,True,340,340,Selection_experiment.py,150,True,True,True,1,189,1.0,26.5,30,111,0,2024-10-23 19:02:53.220610+02:00,2024-10-23 18:58:06+02:00,43,75.455,100,True,170,28,True
60,19.7,1,1,0,45.0,45.0,22.0,10.375,8.28125,4.90625,8.4,66.4,53.0,31.4,129.17188,110.7959,41.55371,False,10.0,1,0.5,80,28,108,24.0,114,29,114,28,False,73.9,25,100,100,300,73.02,100.1,1.0,16.0,20000.0,2.0,200.0,0.0,1.0,1.0,0.11,200.0,2.0,0.010000799999999999,5.0,20000.0,1.0,2.0,200.0,1.0,0.0,4.6000000000000005,4096.0,2304.0,4.6000000000000005,20000.0,100.0,2.0,200.0,0.0,100.0,1.0,1.0,0.0104184,95.98402825769793,7.2e-06,0.638888888888889,1.0,0.1,1.0,1.0,3.0,1.0,0.0,2.0,0.0009999999999999998,2.0,0.0,2.0,1.0,2.0,256.0,51248.0,916.0,2.0,1.0,-20.0,2308.0,100.0,2.0,792.0,100.0,2.0,5.0,0.0,3.0,0.0004104,2.88e-05,0.0,0.010432799999999999,0.00042479999999999997,1.0,2.0,0.0,3.0,1.0,2.0,2.0,1.0,b'IMAGE',b'IMAGE_GRAYSCALE',b'1.2',0,Orca_Camera,False,tweez,0.09,1.5,0.432,15,True,74.94,24,110,True,False,73.7,74.6,20,0.5,10,40,10,10,0.09,0.377,0.43,0.9,35,Z:\Experiments\Sr\Selection_experiment\2024\10\23\0043\2024-10-23_0043_Selection_experiment_112.h5,abs,basler_abs,orca,2.5,0.1,209,28,F:\Experiments\Sr\Selection_experiment\2024\10\23\0043\2024-10-23_0043_Selection_experiment_112.h5,False,True,340,340,Selection_experiment.py,150,True,True,True,1,189,1.0,26.5,30,112,0,2024-10-23 19:02:56.027182+02:00,2024-10-23 18:58:06+02:00,43,75.455,100,True,170,28,True
60,19.7,1,1,1,146.0,190.0,109.0,31.40625,41.109375,17.9375,26.9,201.0,263.1,114.8,1003.8349,1289.0035,465.71484,False,60.0,1,0.5,80,28,108,24.0,114,29,114,28,False,73.9,25,100,100,300,73.02,100.1,1.0,16.0,20000.0,2.0,200.0,0.0,1.0,1.0,0.11,200.0,2.0,0.0600048,5.0,20000.0,1.0,2.0,200.0,1.0,0.0,4.6000000000000005,4096.0,2304.0,4.6000000000000005,20000.0,100.0,2.0,200.0,0.0,100.0,1.0,1.0,0.060422399999999994,16.550153585425274,7.2e-06,0.638888888888889,1.0,0.1,1.0,1.0,3.0,1.0,0.0,2.0,0.0009999999999999998,2.0,0.0,2.0,1.0,2.0,256.0,51248.0,916.0,2.0,1.0,-20.0,2308.0,100.0,2.0,792.0,100.0,2.0,5.0,0.0,3.0,0.0004104,2.88e-05,0.0,0.06043679999999999,0.00042479999999999997,1.0,2.0,0.0,3.0,1.0,2.0,2.0,1.0,b'IMAGE',b'IMAGE_GRAYSCALE',b'1.2',0,Orca_Camera,False,tweez,0.09,1.5,0.432,15,True,74.94,24,110,True,False,73.7,74.6,20,0.5,10,40,10,10,0.09,0.377,0.43,0.9,35,Z:\Experiments\Sr\Selection_experiment\2024\10\23\0043\2024-10-23_0043_Selection_experiment_113.h5,abs,basler_abs,orca,2.5,0.1,209,28,F:\Experiments\Sr\Selection_experiment\2024\10\23\0043\2024-10-23_0043_Selection_experiment_113.h5,False,True,340,340,Selection_experiment.py,150,True,True,True,1,189,1.0,26.5,30,113,0,2024-10-23 19:02:58.317519+02:00,2024-10-23 18:58:06+02:00,43,75.455,100,True,170,28,True
60,19.7,1,1,1,183.0,324.0,129.0,50.375,46.84375,31.46875,27.6,322.4,299.8,201.4,2358.4219,2923.2256,767.3115,False,110.0,1,0.5,80,28,108,24.0,114,29,114,28,False,73.9,25,100,100,300,73.02,100.1,1.0,16.0,20000.0,2.0,200.0,0.0,1.0,1.0,0.11,200.0,2.0,0.11000159999999999,5.0,20000.0,1.0,2.0,200.0,1.0,0.0,4.6000000000000005,4096.0,2304.0,4.6000000000000005,20000.0,100.0,2.0,200.0,0.0,100.0,1.0,1.0,0.1104192,9.056395989103345,7.2e-06,0.638888888888889,1.0,0.1,1.0,1.0,3.0,1.0,0.0,2.0,0.0009999999999999998,2.0,0.0,2.0,1.0,2.0,256.0,51248.0,916.0,2.0,1.0,-20.0,2308.0,100.0,2.0,792.0,100.0,2.0,5.0,0.0,3.0,0.0004104,2.88e-05,0.0,0.11043359999999999,0.00042479999999999997,1.0,2.0,0.0,3.0,1.0,2.0,2.0,1.0,b'IMAGE',b'IMAGE_GRAYSCALE',b'1.2',0,Orca_Camera,False,tweez,0.09,1.5,0.432,15,True,74.94,24,110,True,False,73.7,74.6,20,0.5,10,40,10,10,0.09,0.377,0.43,0.9,35,Z:\Experiments\Sr\Selection_experiment\2024\10\23\0043\2024-10-23_0043_Selection_experiment_114.h5,abs,basler_abs,orca,2.5,0.1,209,28,F:\Experiments\Sr\Selection_experiment\2024\10\23\0043\2024-10-23_0043_Selection_experiment_114.h5,False,True,340,340,Selection_experiment.py,150,True,True,True,1,189,1.0,26.5,30,114,0,2024-10-23 19:03:00.615064+02:00,2024-10-23 18:58:06+02:00,43,75.455,100,True,170,28,True
60,19.7,1,1,1,280.0,295.0,143.0,51.90625,52.796875,28.046875,26.5,332.2,337.9,179.5,2885.0225,3054.474,942.1072,False,160.0,1,0.5,80,28,108,24.0,114,29,114,28,False,73.9,25,100,100,300,73.02,100.1,1.0,16.0,20000.0,2.0,200.0,0.0,1.0,1.0,0.11,200.0,2.0,0.1600056,5.0,20000.0,1.0,2.0,200.0,1.0,0.0,4.6000000000000005,4096.0,2304.0,4.6000000000000005,20000.0,100.0,2.0,200.0,0.0,100.0,1.0,1.0,0.1604232,6.233512359808308,7.2e-06,0.638888888888889,1.0,0.1,1.0,1.0,3.0,1.0,0.0,2.0,0.0009999999999999998,2.0,0.0,2.0,1.0,2.0,256.0,51248.0,916.0,2.0,1.0,-20.0,2308.0,100.0,2.0,792.0,100.0,2.0,5.0,0.0,3.0,0.0004104,2.88e-05,0.0,0.16043759999999999,0.00042479999999999997,1.0,2.0,0.0,3.0,1.0,2.0,2.0,1.0,b'IMAGE',b'IMAGE_GRAYSCALE',b'1.2',0,Orca_Camera,False,tweez,0.09,1.5,0.432,15,True,74.94,24,110,True,False,73.7,74.6,20,0.5,10,40,10,10,0.09,0.377,0.43,0.9,35,Z:\Experiments\Sr\Selection_experiment\2024\10\23\0043\2024-10-23_0043_Selection_experiment_115.h5,abs,basler_abs,orca,2.5,0.1,209,28,F:\Experiments\Sr\Selection_experiment\2024\10\23\0043\2024-10-23_0043_Selection_experiment_115.h5,False,True,340,340,Selection_experiment.py,150,True,True,True,1,189,1.0,26.5,30,115,0,2024-10-23 19:03:02.894097+02:00,2024-10-23 18:58:06+02:00,43,75.455,100,True,170,28,True
60,19.7,1,1,1,176.0,286.0,124.0,44.078125,57.828125,24.359375,28.6,282.1,370.1,155.9,1341.3844,3682.7363,591.6052,False,210.0,1,0.5,80,28,108,24.0,114,29,114,28,False,73.9,25,100,100,300,73.02,100.1,1.0,16.0,20000.0,2.0,200.0,0.0,1.0,1.0,0.11,200.0,2.0,0.21000239999999998,5.0,20000.0,1.0,2.0,200.0,1.0,0.0,4.6000000000000005,4096.0,2304.0,4.6000000000000005,20000.0,100.0,2.0,200.0,0.0,100.0,1.0,1.0,0.21042,4.7523999619808,7.2e-06,0.638888888888889,1.0,0.1,1.0,1.0,3.0,1.0,0.0,2.0,0.0009999999999999998,2.0,0.0,2.0,1.0,2.0,256.0,51248.0,916.0,2.0,1.0,-20.0,2308.0,100.0,2.0,792.0,100.0,2.0,5.0,0.0,3.0,0.0004104,2.88e-05,0.0,0.2104344,0.00042479999999999997,1.0,2.0,0.0,3.0,1.0,2.0,2.0,1.0,b'IMAGE',b'IMAGE_GRAYSCALE',b'1.2',0,Orca_Camera,False,tweez,0.09,1.5,0.432,15,True,74.94,24,110,True,False,73.7,74.6,20,0.5,10,40,10,10,0.09,0.377,0.43,0.9,35,Z:\Experiments\Sr\Selection_experiment\2024\10\23\0043\2024-10-23_0043_Selection_experiment_116.h5,abs,basler_abs,orca,2.5,0.1,209,28,F:\Experiments\Sr\Selection_experiment\2024\10\23\0043\2024-10-23_0043_Selection_experiment_116.h5,False,True,340,340,Selection_experiment.py,150,True,True,True,1,189,1.0,26.5,30,116,0,2024-10-23 19:03:05.252927+02:00,2024-10-23 18:58:06+02:00,43,75.455,100,True,170,28,True
60,19.7,1,1,1,129.0,201.0,92.0,38.25,40.109375,20.078125,36.2,244.8,256.7,128.5,969.28125,1544.2535,276.10327,False,260.0,1,0.5,80,28,108,24.0,114,29,114,28,False,73.9,25,100,100,300,73.02,100.1,1.0,16.0,20000.0,2.0,200.0,0.0,1.0,1.0,0.11,200.0,2.0,0.26000639999999997,5.0,20000.0,1.0,2.0,200.0,1.0,0.0,4.6000000000000005,4096.0,2304.0,4.6000000000000005,20000.0,100.0,2.0,200.0,0.0,100.0,1.0,1.0,0.260424,3.8398918686449792,7.2e-06,0.638888888888889,1.0,0.1,1.0,1.0,3.0,1.0,0.0,2.0,0.0009999999999999998,2.0,0.0,2.0,1.0,2.0,256.0,51248.0,916.0,2.0,1.0,-20.0,2308.0,100.0,2.0,792.0,100.0,2.0,5.0,0.0,3.0,0.0004104,2.88e-05,0.0,0.2604384,0.00042479999999999997,1.0,2.0,0.0,3.0,1.0,2.0,2.0,1.0,b'IMAGE',b'IMAGE_GRAYSCALE',b'1.2',0,Orca_Camera,False,tweez,0.09,1.5,0.432,15,True,74.94,24,110,True,False,73.7,74.6,20,0.5,10,40,10,10,0.09,0.377,0.43,0.9,35,Z:\Experiments\Sr\Selection_experiment\2024\10\23\0043\2024-10-23_0043_Selection_experiment_117.h5,abs,basler_abs,orca,2.5,0.1,209,28,F:\Experiments\Sr\Selection_experiment\2024\10\23\0043\2024-10-23_0043_Selection_experiment_117.h5,False,True,340,340,Selection_experiment.py,150,True,True,True,1,189,1.0,26.5,30,117,0,2024-10-23 19:03:08.058234+02:00,2024-10-23 18:58:06+02:00,43,75.455,100,True,170,28,True
60,19.7,1,1,1,312.0,297.0,93.0,55.859375,50.0625,21.828125,39.7,357.5,320.4,139.7,3086.4336,2405.7146,319.48608,False,310.0,1,0.5,80,28,108,24.0,114,29,114,28,False,73.9,25,100,100,300,73.02,100.1,1.0,16.0,20000.0,2.0,200.0,0.0,1.0,1.0,0.11,200.0,2.0,0.3100032,5.0,20000.0,1.0,2.0,200.0,1.0,0.0,4.6000000000000005,4096.0,2304.0,4.6000000000000005,20000.0,100.0,2.0,200.0,0.0,100.0,1.0,1.0,0.3104208,3.2214336152732033,7.2e-06,0.638888888888889,1.0,0.1,1.0,1.0,3.0,1.0,0.0,2.0,0.0009999999999999998,2.0,0.0,2.0,1.0,2.0,256.0,51248.0,916.0,2.0,1.0,-20.0,2308.0,100.0,2.0,792.0,100.0,2.0,5.0,0.0,3.0,0.0004104,2.88e-05,0.0,0.3104352,0.00042479999999999997,1.0,2.0,0.0,3.0,1.0,2.0,2.0,1.0,b'IMAGE',b'IMAGE_GRAYSCALE',b'1.2',0,Orca_Camera,False,tweez,0.09,1.5,0.432,15,True,74.94,24,110,True,False,73.7,74.6,20,0.5,10,40,10,10,0.09,0.377,0.43,0.9,35,Z:\Experiments\Sr\Selection_experiment\2024\10\23\0043\2024-10-23_0043_Selection_experiment_118.h5,abs,basler_abs,orca,2.5,0.1,209,28,F:\Experiments\Sr\Selection_experiment\2024\10\23\0043\2024-10-23_0043_Selection_experiment_118.h5,False,True,340,340,Selection_experiment.py,150,True,True,True,1,189,1.0,26.5,30,118,0,2024-10-23 19:03:10.931062+02:00,2024-10-23 18:58:06+02:00,43,75.455,100,True,170,28,True
60,19.7,1,1,1,63.0,101.0,41.0,18.59375,18.015625,7.59375,12.6,119.0,115.3,48.6,321.1787,422.42163,107.95996,False,10.0,1,0.5,80,28,108,26.0,114,29,114,28,False,73.9,25,100,100,300,73.02,100.1,1.0,16.0,20000.0,2.0,200.0,0.0,1.0,1.0,0.11,200.0,2.0,0.010000799999999999,5.0,20000.0,1.0,2.0,200.0,1.0,0.0,4.6000000000000005,4096.0,2304.0,4.6000000000000005,20000.0,100.0,2.0,200.0,0.0,100.0,1.0,1.0,0.0104184,95.98402825769793,7.2e-06,0.638888888888889,1.0,0.1,1.0,1.0,3.0,1.0,0.0,2.0,0.0009999999999999998,2.0,0.0,2.0,1.0,2.0,256.0,51248.0,916.0,2.0,1.0,-20.0,2308.0,100.0,2.0,792.0,100.0,2.0,5.0,0.0,3.0,0.0004104,2.88e-05,0.0,0.010432799999999999,0.00042479999999999997,1.0,2.0,0.0,3.0,1.0,2.0,2.0,1.0,b'IMAGE',b'IMAGE_GRAYSCALE',b'1.2',0,Orca_Camera,False,tweez,0.09,1.5,0.432,15,True,74.94,24,110,True,False,73.7,74.6,20,0.5,10,40,10,10,0.09,0.377,0.43,0.9,35,Z:\Experiments\Sr\Selection_experiment\2024\10\23\0043\2024-10-23_0043_Selection_experiment_119.h5,abs,basler_abs,orca,2.5,0.1,209,28,F:\Experiments\Sr\Selection_experiment\2024\10\23\0043\2024-10-23_0043_Selection_experiment_119.h5,False,True,340,340,Selection_experiment.py,150,True,True,True,1,189,1.0,26.5,30,119,0,2024-10-23 19:03:13.734873+02:00,2024-10-23 18:58:06+02:00,43,75.455,100,True,170,28,True
60,19.7,1,1,1,229.0,260.0,50.0,48.484375,49.78125,13.53125,24.4,310.3,318.6,86.6,2917.562,3038.8582,182.49902,False,60.0,1,0.5,80,28,108,26.0,114,29,114,28,False,73.9,25,100,100,300,73.02,100.1,1.0,16.0,20000.0,2.0,200.0,0.0,1.0,1.0,0.11,200.0,2.0,0.0600048,5.0,20000.0,1.0,2.0,200.0,1.0,0.0,4.6000000000000005,4096.0,2304.0,4.6000000000000005,20000.0,100.0,2.0,200.0,0.0,100.0,1.0,1.0,0.060422399999999994,16.550153585425274,7.2e-06,0.638888888888889,1.0,0.1,1.0,1.0,3.0,1.0,0.0,2.0,0.0009999999999999998,2.0,0.0,2.0,1.0,2.0,256.0,51248.0,916.0,2.0,1.0,-20.0,2308.0,100.0,2.0,792.0,100.0,2.0,5.0,0.0,3.0,0.0004104,2.88e-05,0.0,0.06043679999999999,0.00042479999999999997,1.0,2.0,0.0,3.0,1.0,2.0,2.0,1.0,b'IMAGE',b'IMAGE_GRAYSCALE',b'1.2',0,Orca_Camera,False,tweez,0.09,1.5,0.432,15,True,74.94,24,110,True,False,73.7,74.6,20,0.5,10,40,10,10,0.09,0.377,0.43,0.9,35,Z:\Experiments\Sr\Selection_experiment\2024\10\23\0043\2024-10-23_0043_Selection_experiment_120.h5,abs,basler_abs,orca,2.5,0.1,209,28,F:\Experiments\Sr\Selection_experiment\2024\10\23\0043\2024-10-23_0043_Selection_experiment_120.h5,False,True,340,340,Selection_experiment.py,150,True,True,True,1,189,1.0,26.5,30,120,0,2024-10-23 19:03:16.014063+02:00,2024-10-23 18:58:06+02:00,43,75.455,100,True,170,28,True
60,19.7,1,1,1,182.0,249.0,118.0,51.078125,51.8125,24.359375,23.7,326.9,331.6,155.9,2085.1655,3137.3086,604.60516,False,110.0,1,0.5,80,28,108,26.0,114,29,114,28,False,73.9,25,100,100,300,73.02,100.1,1.0,16.0,20000.0,2.0,200.0,0.0,1.0,1.0,0.11,200.0,2.0,0.11000159999999999,5.0,20000.0,1.0,2.0,200.0,1.0,0.0,4.6000000000000005,4096.0,2304.0,4.6000000000000005,20000.0,100.0,2.0,200.0,0.0,100.0,1.0,1.0,0.1104192,9.056395989103345,7.2e-06,0.638888888888889,1.0,0.1,1.0,1.0,3.0,1.0,0.0,2.0,0.0009999999999999998,2.0,0.0,2.0,1.0,2.0,256.0,51248.0,916.0,2.0,1.0,-20.0,2308.0,100.0,2.0,792.0,100.0,2.0,5.0,0.0,3.0,0.0004104,2.88e-05,0.0,0.11043359999999999,0.00042479999999999997,1.0,2.0,0.0,3.0,1.0,2.0,2.0,1.0,b'IMAGE',b'IMAGE_GRAYSCALE',b'1.2',0,Orca_Camera,False,tweez,0.09,1.5,0.432,15,True,74.94,24,110,True,False,73.7,74.6,20,0.5,10,40,10,10,0.09,0.377,0.43,0.9,35,Z:\Experiments\Sr\Selection_experiment\2024\10\23\0043\2024-10-23_0043_Selection_experiment_121.h5,abs,basler_abs,orca,2.5,0.1,209,28,F:\Experiments\Sr\Selection_experiment\2024\10\23\0043\2024-10-23_0043_Selection_experiment_121.h5,False,True,340,340,Selection_experiment.py,150,True,True,True,1,189,1.0,26.5,30,121,0,2024-10-23 19:03:18.286620+02:00,2024-10-23 18:58:06+02:00,43,75.455,100,True,170,28,True
60,19.7,1,1,1,220.0,252.0,62.0,42.421875,55.5,21.15625,34.6,271.5,355.2,135.4,2036.0565,2465.9062,330.13184,False,160.0,1,0.5,80,28,108,26.0,114,29,114,28,False,73.9,25,100,100,300,73.02,100.1,1.0,16.0,20000.0,2.0,200.0,0.0,1.0,1.0,0.11,200.0,2.0,0.1600056,5.0,20000.0,1.0,2.0,200.0,1.0,0.0,4.6000000000000005,4096.0,2304.0,4.6000000000000005,20000.0,100.0,2.0,200.0,0.0,100.0,1.0,1.0,0.1604232,6.233512359808308,7.2e-06,0.638888888888889,1.0,0.1,1.0,1.0,3.0,1.0,0.0,2.0,0.0009999999999999998,2.0,0.0,2.0,1.0,2.0,256.0,51248.0,916.0,2.0,1.0,-20.0,2308.0,100.0,2.0,792.0,100.0,2.0,5.0,0.0,3.0,0.0004104,2.88e-05,0.0,0.16043759999999999,0.00042479999999999997,1.0,2.0,0.0,3.0,1.0,2.0,2.0,1.0,b'IMAGE',b'IMAGE_GRAYSCALE',b'1.2',0,Orca_Camera,False,tweez,0.09,1.5,0.432,15,True,74.94,24,110,True,False,73.7,74.6,20,0.5,10,40,10,10,0.09,0.377,0.43,0.9,35,Z:\Experiments\Sr\Selection_experiment\2024\10\23\0043\2024-10-23_0043_Selection_experiment_122.h5,abs,basler_abs,orca,2.5,0.1,209,28,F:\Experiments\Sr\Selection_experiment\2024\10\23\0043\2024-10-23_0043_Selection_experiment_122.h5,False,True,340,340,Selection_experiment.py,150,True,True,True,1,189,1.0,26.5,30,122,0,2024-10-23 19:03:20.574417+02:00,2024-10-23 18:58:06+02:00,43,75.455,100,True,170,28,True
60,19.7,1,1,1,202.0,236.0,123.0,42.40625,55.984375,27.21875,40.1,271.4,358.3,174.2,1632.8973,2913.9526,729.57715,False,210.0,1,0.5,80,28,108,26.0,114,29,114,28,False,73.9,25,100,100,300,73.02,100.1,1.0,16.0,20000.0,2.0,200.0,0.0,1.0,1.0,0.11,200.0,2.0,0.21000239999999998,5.0,20000.0,1.0,2.0,200.0,1.0,0.0,4.6000000000000005,4096.0,2304.0,4.6000000000000005,20000.0,100.0,2.0,200.0,0.0,100.0,1.0,1.0,0.21042,4.7523999619808,7.2e-06,0.638888888888889,1.0,0.1,1.0,1.0,3.0,1.0,0.0,2.0,0.0009999999999999998,2.0,0.0,2.0,1.0,2.0,256.0,51248.0,916.0,2.0,1.0,-20.0,2308.0,100.0,2.0,792.0,100.0,2.0,5.0,0.0,3.0,0.0004104,2.88e-05,0.0,0.2104344,0.00042479999999999997,1.0,2.0,0.0,3.0,1.0,2.0,2.0,1.0,b'IMAGE',b'IMAGE_GRAYSCALE',b'1.2',0,Orca_Camera,False,tweez,0.09,1.5,0.432,15,True,74.94,24,110,True,False,73.7,74.6,20,0.5,10,40,10,10,0.09,0.377,0.43,0.9,35,Z:\Experiments\Sr\Selection_experiment\2024\10\23\0043\2024-10-23_0043_Selection_experiment_123.h5,abs,basler_abs,orca,2.5,0.1,209,28,F:\Experiments\Sr\Selection_experiment\2024\10\23\0043\2024-10-23_0043_Selection_experiment_123.h5,False,True,340,340,Selection_experiment.py,150,True,True,True,1,189,1.0,26.5,30,123,0,2024-10-23 19:03:22.896767+02:00,2024-10-23 18:58:06+02:00,43,75.455,100,True,170,28,True
60,19.7,1,1,1,163.0,298.0,106.0,52.59375,52.640625,31.125,34.1,336.6,336.9,199.2,1640.4598,3111.0112,620.7344,False,260.0,1,0.5,80,28,108,26.0,114,29,114,28,False,73.9,25,100,100,300,73.02,100.1,1.0,16.0,20000.0,2.0,200.0,0.0,1.0,1.0,0.11,200.0,2.0,0.26000639999999997,5.0,20000.0,1.0,2.0,200.0,1.0,0.0,4.6000000000000005,4096.0,2304.0,4.6000000000000005,20000.0,100.0,2.0,200.0,0.0,100.0,1.0,1.0,0.260424,3.8398918686449792,7.2e-06,0.638888888888889,1.0,0.1,1.0,1.0,3.0,1.0,0.0,2.0,0.0009999999999999998,2.0,0.0,2.0,1.0,2.0,256.0,51248.0,916.0,2.0,1.0,-20.0,2308.0,100.0,2.0,792.0,100.0,2.0,5.0,0.0,3.0,0.0004104,2.88e-05,0.0,0.2604384,0.00042479999999999997,1.0,2.0,0.0,3.0,1.0,2.0,2.0,1.0,b'IMAGE',b'IMAGE_GRAYSCALE',b'1.2',0,Orca_Camera,False,tweez,0.09,1.5,0.432,15,True,74.94,24,110,True,False,73.7,74.6,20,0.5,10,40,10,10,0.09,0.377,0.43,0.9,35,Z:\Experiments\Sr\Selection_experiment\2024\10\23\0043\2024-10-23_0043_Selection_experiment_124.h5,abs,basler_abs,orca,2.5,0.1,209,28,F:\Experiments\Sr\Selection_experiment\2024\10\23\0043\2024-10-23_0043_Selection_experiment_124.h5,False,True,340,340,Selection_experiment.py,150,True,True,True,1,189,1.0,26.5,30,124,0,2024-10-23 19:03:25.708487+02:00,2024-10-23 18:58:06+02:00,43,75.455,100,True,170,28,True
60,19.7,1,1,1,218.0,202.0,87.0,48.703125,60.109375,26.640625,42.3,311.7,384.7,170.5,1733.9899,2804.3472,450.51147,False,310.0,1,0.5,80,28,108,26.0,114,29,114,28,False,73.9,25,100,100,300,73.02,100.1,1.0,16.0,20000.0,2.0,200.0,0.0,1.0,1.0,0.11,200.0,2.0,0.3100032,5.0,20000.0,1.0,2.0,200.0,1.0,0.0,4.6000000000000005,4096.0,2304.0,4.6000000000000005,20000.0,100.0,2.0,200.0,0.0,100.0,1.0,1.0,0.3104208,3.2214336152732033,7.2e-06,0.638888888888889,1.0,0.1,1.0,1.0,3.0,1.0,0.0,2.0,0.0009999999999999998,2.0,0.0,2.0,1.0,2.0,256.0,51248.0,916.0,2.0,1.0,-20.0,2308.0,100.0,2.0,792.0,100.0,2.0,5.0,0.0,3.0,0.0004104,2.88e-05,0.0,0.3104352,0.00042479999999999997,1.0,2.0,0.0,3.0,1.0,2.0,2.0,1.0,b'IMAGE',b'IMAGE_GRAYSCALE',b'1.2',0,Orca_Camera,False,tweez,0.09,1.5,0.432,15,True,74.94,24,110,True,False,73.7,74.6,20,0.5,10,40,10,10,0.09,0.377,0.43,0.9,35,Z:\Experiments\Sr\Selection_experiment\2024\10\23\0043\2024-10-23_0043_Selection_experiment_125.h5,abs,basler_abs,orca,2.5,0.1,209,28,F:\Experiments\Sr\Selection_experiment\2024\10\23\0043\2024-10-23_0043_Selection_experiment_125.h5,False,True,340,340,Selection_experiment.py,150,True,True,True,1,189,1.0,26.5,30,125,0,2024-10-23 19:03:28.581895+02:00,2024-10-23 18:58:06+02:00,43,75.455,100,True,170,28,True
60,19.7,0,0,0,13.0,20.0,19.0,0.0,1.546875,1.359375,21.1,0.0,9.9,8.7,23.1875,24.154053,28.667725,False,10.0,1,0.5,80,28,108,10.0,114,29,114,28,False,73.9,25,100,100,300,73.02,100.1,1.0,16.0,20000.0,2.0,200.0,0.0,1.0,1.0,0.11,200.0,2.0,0.010000799999999999,5.0,20000.0,1.0,2.0,200.0,1.0,0.0,4.6000000000000005,4096.0,2304.0,4.6000000000000005,20000.0,100.0,2.0,200.0,0.0,100.0,1.0,1.0,0.0104184,95.98402825769793,7.2e-06,0.638888888888889,1.0,0.1,1.0,1.0,3.0,1.0,0.0,2.0,0.0009999999999999998,2.0,0.0,2.0,1.0,2.0,256.0,51248.0,916.0,2.0,1.0,-20.0,2308.0,100.0,2.0,792.0,100.0,2.0,5.0,0.0,3.0,0.0004104,2.88e-05,0.0,0.010432799999999999,0.00042479999999999997,1.0,2.0,0.0,3.0,1.0,2.0,2.0,1.0,b'IMAGE',b'IMAGE_GRAYSCALE',b'1.2',0,Orca_Camera,False,tweez,0.09,1.5,0.432,15,True,74.94,24,110,True,False,73.7,74.6,20,0.5,10,40,10,10,0.09,0.377,0.43,0.9,35,Z:\Experiments\Sr\Selection_experiment\2024\10\23\0043\2024-10-23_0043_Selection_experiment_126.h5,abs,basler_abs,orca,2.5,0.1,209,28,F:\Experiments\Sr\Selection_experiment\2024\10\23\0043\2024-10-23_0043_Selection_experiment_126.h5,False,True,340,340,Selection_experiment.py,150,True,True,True,1,189,1.0,26.5,30,126,0,2024-10-23 19:03:31.367717+02:00,2024-10-23 18:58:06+02:00,43,75.455,100,True,170,28,True
60,19.7,0,0,0,22.0,20.0,24.0,2.3125,2.5,3.0,19.9,14.8,16.0,19.2,33.433594,38.71875,43.1875,False,60.0,1,0.5,80,28,108,10.0,114,29,114,28,False,73.9,25,100,100,300,73.02,100.1,1.0,16.0,20000.0,2.0,200.0,0.0,1.0,1.0,0.11,200.0,2.0,0.0600048,5.0,20000.0,1.0,2.0,200.0,1.0,0.0,4.6000000000000005,4096.0,2304.0,4.6000000000000005,20000.0,100.0,2.0,200.0,0.0,100.0,1.0,1.0,0.060422399999999994,16.550153585425274,7.2e-06,0.638888888888889,1.0,0.1,1.0,1.0,3.0,1.0,0.0,2.0,0.0009999999999999998,2.0,0.0,2.0,1.0,2.0,256.0,51248.0,916.0,2.0,1.0,-20.0,2308.0,100.0,2.0,792.0,100.0,2.0,5.0,0.0,3.0,0.0004104,2.88e-05,0.0,0.06043679999999999,0.00042479999999999997,1.0,2.0,0.0,3.0,1.0,2.0,2.0,1.0,b'IMAGE',b'IMAGE_GRAYSCALE',b'1.2',0,Orca_Camera,False,tweez,0.09,1.5,0.432,15,True,74.94,24,110,True,False,73.7,74.6,20,0.5,10,40,10,10,0.09,0.377,0.43,0.9,35,Z:\Experiments\Sr\Selection_experiment\2024\10\23\0043\2024-10-23_0043_Selection_experiment_127.h5,abs,basler_abs,orca,2.5,0.1,209,28,F:\Experiments\Sr\Selection_experiment\2024\10\23\0043\2024-10-23_0043_Selection_experiment_127.h5,False,True,340,340,Selection_experiment.py,150,True,True,True,1,189,1.0,26.5,30,127,0,2024-10-23 19:03:33.660969+02:00,2024-10-23 18:58:06+02:00,43,75.455,100,True,170,28,True
60,19.7,0,0,0,31.0,36.0,27.0,4.1875,5.578125,2.578125,27.6,26.8,35.7,16.5,73.33984,60.806396,37.962646,False,110.0,1,0.5,80,28,108,10.0,114,29,114,28,False,73.9,25,100,100,300,73.02,100.1,1.0,16.0,20000.0,2.0,200.0,0.0,1.0,1.0,0.11,200.0,2.0,0.11000159999999999,5.0,20000.0,1.0,2.0,200.0,1.0,0.0,4.6000000000000005,4096.0,2304.0,4.6000000000000005,20000.0,100.0,2.0,200.0,0.0,100.0,1.0,1.0,0.1104192,9.056395989103345,7.2e-06,0.638888888888889,1.0,0.1,1.0,1.0,3.0,1.0,0.0,2.0,0.0009999999999999998,2.0,0.0,2.0,1.0,2.0,256.0,51248.0,916.0,2.0,1.0,-20.0,2308.0,100.0,2.0,792.0,100.0,2.0,5.0,0.0,3.0,0.0004104,2.88e-05,0.0,0.11043359999999999,0.00042479999999999997,1.0,2.0,0.0,3.0,1.0,2.0,2.0,1.0,b'IMAGE',b'IMAGE_GRAYSCALE',b'1.2',0,Orca_Camera,False,tweez,0.09,1.5,0.432,15,True,74.94,24,110,True,False,73.7,74.6,20,0.5,10,40,10,10,0.09,0.377,0.43,0.9,35,Z:\Experiments\Sr\Selection_experiment\2024\10\23\0043\2024-10-23_0043_Selection_experiment_128.h5,abs,basler_abs,orca,2.5,0.1,209,28,F:\Experiments\Sr\Selection_experiment\2024\10\23\0043\2024-10-23_0043_Selection_experiment_128.h5,False,True,340,340,Selection_experiment.py,150,True,True,True,1,189,1.0,26.5,30,128,0,2024-10-23 19:03:35.916332+02:00,2024-10-23 18:58:06+02:00,43,75.455,100,True,170,28,True
60,19.7,0,1,0,18.0,33.0,31.0,4.125,6.453125,4.328125,27.8,26.4,41.3,27.7,30.390625,94.90405,62.62671,False,160.0,1,0.5,80,28,108,10.0,114,29,114,28,False,73.9,25,100,100,300,73.02,100.1,1.0,16.0,20000.0,2.0,200.0,0.0,1.0,1.0,0.11,200.0,2.0,0.1600056,5.0,20000.0,1.0,2.0,200.0,1.0,0.0,4.6000000000000005,4096.0,2304.0,4.6000000000000005,20000.0,100.0,2.0,200.0,0.0,100.0,1.0,1.0,0.1604232,6.233512359808308,7.2e-06,0.638888888888889,1.0,0.1,1.0,1.0,3.0,1.0,0.0,2.0,0.0009999999999999998,2.0,0.0,2.0,1.0,2.0,256.0,51248.0,916.0,2.0,1.0,-20.0,2308.0,100.0,2.0,792.0,100.0,2.0,5.0,0.0,3.0,0.0004104,2.88e-05,0.0,0.16043759999999999,0.00042479999999999997,1.0,2.0,0.0,3.0,1.0,2.0,2.0,1.0,b'IMAGE',b'IMAGE_GRAYSCALE',b'1.2',0,Orca_Camera,False,tweez,0.09,1.5,0.432,15,True,74.94,24,110,True,False,73.7,74.6,20,0.5,10,40,10,10,0.09,0.377,0.43,0.9,35,Z:\Experiments\Sr\Selection_experiment\2024\10\23\0043\2024-10-23_0043_Selection_experiment_129.h5,abs,basler_abs,orca,2.5,0.1,209,28,F:\Experiments\Sr\Selection_experiment\2024\10\23\0043\2024-10-23_0043_Selection_experiment_129.h5,False,True,340,340,Selection_experiment.py,150,True,True,True,1,189,1.0,26.5,30,129,0,2024-10-23 19:03:38.211204+02:00,2024-10-23 18:58:06+02:00,43,75.455,100,True,170,28,True
60,19.7,0,1,0,37.0,36.0,17.0,5.6875,6.8125,2.515625,27.4,36.4,43.6,16.1,72.93359,80.93359,32.937256,False,210.0,1,0.5,80,28,108,10.0,114,29,114,28,False,73.9,25,100,100,300,73.02,100.1,1.0,16.0,20000.0,2.0,200.0,0.0,1.0,1.0,0.11,200.0,2.0,0.21000239999999998,5.0,20000.0,1.0,2.0,200.0,1.0,0.0,4.6000000000000005,4096.0,2304.0,4.6000000000000005,20000.0,100.0,2.0,200.0,0.0,100.0,1.0,1.0,0.21042,4.7523999619808,7.2e-06,0.638888888888889,1.0,0.1,1.0,1.0,3.0,1.0,0.0,2.0,0.0009999999999999998,2.0,0.0,2.0,1.0,2.0,256.0,51248.0,916.0,2.0,1.0,-20.0,2308.0,100.0,2.0,792.0,100.0,2.0,5.0,0.0,3.0,0.0004104,2.88e-05,0.0,0.2104344,0.00042479999999999997,1.0,2.0,0.0,3.0,1.0,2.0,2.0,1.0,b'IMAGE',b'IMAGE_GRAYSCALE',b'1.2',0,Orca_Camera,False,tweez,0.09,1.5,0.432,15,True,74.94,24,110,True,False,73.7,74.6,20,0.5,10,40,10,10,0.09,0.377,0.43,0.9,35,Z:\Experiments\Sr\Selection_experiment\2024\10\23\0043\2024-10-23_0043_Selection_experiment_130.h5,abs,basler_abs,orca,2.5,0.1,209,28,F:\Experiments\Sr\Selection_experiment\2024\10\23\0043\2024-10-23_0043_Selection_experiment_130.h5,False,True,340,340,Selection_experiment.py,150,True,True,True,1,189,1.0,26.5,30,130,0,2024-10-23 19:03:40.532844+02:00,2024-10-23 18:58:06+02:00,43,75.455,100,True,170,28,True
60,19.7,1,1,0,37.0,30.0,35.0,6.984375,9.046875,5.609375,36.8,44.7,57.9,35.9,88.76538,92.45093,76.55054,False,260.0,1,0.5,80,28,108,10.0,114,29,114,28,False,73.9,25,100,100,300,73.02,100.1,1.0,16.0,20000.0,2.0,200.0,0.0,1.0,1.0,0.11,200.0,2.0,0.26000639999999997,5.0,20000.0,1.0,2.0,200.0,1.0,0.0,4.6000000000000005,4096.0,2304.0,4.6000000000000005,20000.0,100.0,2.0,200.0,0.0,100.0,1.0,1.0,0.260424,3.8398918686449792,7.2e-06,0.638888888888889,1.0,0.1,1.0,1.0,3.0,1.0,0.0,2.0,0.0009999999999999998,2.0,0.0,2.0,1.0,2.0,256.0,51248.0,916.0,2.0,1.0,-20.0,2308.0,100.0,2.0,792.0,100.0,2.0,5.0,0.0,3.0,0.0004104,2.88e-05,0.0,0.2604384,0.00042479999999999997,1.0,2.0,0.0,3.0,1.0,2.0,2.0,1.0,b'IMAGE',b'IMAGE_GRAYSCALE',b'1.2',0,Orca_Camera,False,tweez,0.09,1.5,0.432,15,True,74.94,24,110,True,False,73.7,74.6,20,0.5,10,40,10,10,0.09,0.377,0.43,0.9,35,Z:\Experiments\Sr\Selection_experiment\2024\10\23\0043\2024-10-23_0043_Selection_experiment_131.h5,abs,basler_abs,orca,2.5,0.1,209,28,F:\Experiments\Sr\Selection_experiment\2024\10\23\0043\2024-10-23_0043_Selection_experiment_131.h5,False,True,340,340,Selection_experiment.py,150,True,True,True,1,189,1.0,26.5,30,131,0,2024-10-23 19:03:43.355489+02:00,2024-10-23 18:58:06+02:00,43,75.455,100,True,170,28,True
60,19.7,1,1,1,45.0,35.0,39.0,7.59375,6.828125,7.953125,35.3,48.6,43.7,50.9,106.95996,82.548584,83.16968,False,310.0,1,0.5,80,28,108,10.0,114,29,114,28,False,73.9,25,100,100,300,73.02,100.1,1.0,16.0,20000.0,2.0,200.0,0.0,1.0,1.0,0.11,200.0,2.0,0.3100032,5.0,20000.0,1.0,2.0,200.0,1.0,0.0,4.6000000000000005,4096.0,2304.0,4.6000000000000005,20000.0,100.0,2.0,200.0,0.0,100.0,1.0,1.0,0.3104208,3.2214336152732033,7.2e-06,0.638888888888889,1.0,0.1,1.0,1.0,3.0,1.0,0.0,2.0,0.0009999999999999998,2.0,0.0,2.0,1.0,2.0,256.0,51248.0,916.0,2.0,1.0,-20.0,2308.0,100.0,2.0,792.0,100.0,2.0,5.0,0.0,3.0,0.0004104,2.88e-05,0.0,0.3104352,0.00042479999999999997,1.0,2.0,0.0,3.0,1.0,2.0,2.0,1.0,b'IMAGE',b'IMAGE_GRAYSCALE',b'1.2',0,Orca_Camera,False,tweez,0.09,1.5,0.432,15,True,74.94,24,110,True,False,73.7,74.6,20,0.5,10,40,10,10,0.09,0.377,0.43,0.9,35,Z:\Experiments\Sr\Selection_experiment\2024\10\23\0043\2024-10-23_0043_Selection_experiment_132.h5,abs,basler_abs,orca,2.5,0.1,209,28,F:\Experiments\Sr\Selection_experiment\2024\10\23\0043\2024-10-23_0043_Selection_experiment_132.h5,False,True,340,340,Selection_experiment.py,150,True,True,True,1,189,1.0,26.5,30,132,0,2024-10-23 19:03:46.158773+02:00,2024-10-23 18:58:06+02:00,43,75.455,100,True,170,28,True
60,19.7,0,0,0,18.0,11.0,13.0,1.875,1.421875,1.078125,19.7,12.0,9.1,6.9,29.890625,21.806396,17.072021,False,10.0,1,0.5,80,28,108,12.0,114,29,114,28,False,73.9,25,100,100,300,73.02,100.1,1.0,16.0,20000.0,2.0,200.0,0.0,1.0,1.0,0.11,200.0,2.0,0.010000799999999999,5.0,20000.0,1.0,2.0,200.0,1.0,0.0,4.6000000000000005,4096.0,2304.0,4.6000000000000005,20000.0,100.0,2.0,200.0,0.0,100.0,1.0,1.0,0.0104184,95.98402825769793,7.2e-06,0.638888888888889,1.0,0.1,1.0,1.0,3.0,1.0,0.0,2.0,0.0009999999999999998,2.0,0.0,2.0,1.0,2.0,256.0,51248.0,916.0,2.0,1.0,-20.0,2308.0,100.0,2.0,792.0,100.0,2.0,5.0,0.0,3.0,0.0004104,2.88e-05,0.0,0.010432799999999999,0.00042479999999999997,1.0,2.0,0.0,3.0,1.0,2.0,2.0,1.0,b'IMAGE',b'IMAGE_GRAYSCALE',b'1.2',0,Orca_Camera,False,tweez,0.09,1.5,0.432,15,True,74.94,24,110,True,False,73.7,74.6,20,0.5,10,40,10,10,0.09,0.377,0.43,0.9,35,Z:\Experiments\Sr\Selection_experiment\2024\10\23\0043\2024-10-23_0043_Selection_experiment_133.h5,abs,basler_abs,orca,2.5,0.1,209,28,F:\Experiments\Sr\Selection_experiment\2024\10\23\0043\2024-10-23_0043_Selection_experiment_133.h5,False,True,340,340,Selection_experiment.py,150,True,True,True,1,189,1.0,26.5,30,133,0,2024-10-23 19:03:48.937768+02:00,2024-10-23 18:58:06+02:00,43,75.455,100,True,170,28,True
60,19.7,0,0,0,27.0,25.0,17.0,3.0,3.84375,3.328125,19.3,19.2,24.6,21.3,51.5625,52.788086,37.00171,False,60.0,1,0.5,80,28,108,12.0,114,29,114,28,False,73.9,25,100,100,300,73.02,100.1,1.0,16.0,20000.0,2.0,200.0,0.0,1.0,1.0,0.11,200.0,2.0,0.0600048,5.0,20000.0,1.0,2.0,200.0,1.0,0.0,4.6000000000000005,4096.0,2304.0,4.6000000000000005,20000.0,100.0,2.0,200.0,0.0,100.0,1.0,1.0,0.060422399999999994,16.550153585425274,7.2e-06,0.638888888888889,1.0,0.1,1.0,1.0,3.0,1.0,0.0,2.0,0.0009999999999999998,2.0,0.0,2.0,1.0,2.0,256.0,51248.0,916.0,2.0,1.0,-20.0,2308.0,100.0,2.0,792.0,100.0,2.0,5.0,0.0,3.0,0.0004104,2.88e-05,0.0,0.06043679999999999,0.00042479999999999997,1.0,2.0,0.0,3.0,1.0,2.0,2.0,1.0,b'IMAGE',b'IMAGE_GRAYSCALE',b'1.2',0,Orca_Camera,False,tweez,0.09,1.5,0.432,15,True,74.94,24,110,True,False,73.7,74.6,20,0.5,10,40,10,10,0.09,0.377,0.43,0.9,35,Z:\Experiments\Sr\Selection_experiment\2024\10\23\0043\2024-10-23_0043_Selection_experiment_134.h5,abs,basler_abs,orca,2.5,0.1,209,28,F:\Experiments\Sr\Selection_experiment\2024\10\23\0043\2024-10-23_0043_Selection_experiment_134.h5,False,True,340,340,Selection_experiment.py,150,True,True,True,1,189,1.0,26.5,30,134,0,2024-10-23 19:03:51.189622+02:00,2024-10-23 18:58:06+02:00,43,75.455,100,True,170,28,True
60,19.7,0,1,0,29.0,30.0,42.0,4.984375,6.640625,3.984375,27.2,31.9,42.5,25.5,57.07788,77.792725,61.48413,False,110.0,1,0.5,80,28,108,12.0,114,29,114,28,False,73.9,25,100,100,300,73.02,100.1,1.0,16.0,20000.0,2.0,200.0,0.0,1.0,1.0,0.11,200.0,2.0,0.11000159999999999,5.0,20000.0,1.0,2.0,200.0,1.0,0.0,4.6000000000000005,4096.0,2304.0,4.6000000000000005,20000.0,100.0,2.0,200.0,0.0,100.0,1.0,1.0,0.1104192,9.056395989103345,7.2e-06,0.638888888888889,1.0,0.1,1.0,1.0,3.0,1.0,0.0,2.0,0.0009999999999999998,2.0,0.0,2.0,1.0,2.0,256.0,51248.0,916.0,2.0,1.0,-20.0,2308.0,100.0,2.0,792.0,100.0,2.0,5.0,0.0,3.0,0.0004104,2.88e-05,0.0,0.11043359999999999,0.00042479999999999997,1.0,2.0,0.0,3.0,1.0,2.0,2.0,1.0,b'IMAGE',b'IMAGE_GRAYSCALE',b'1.2',0,Orca_Camera,False,tweez,0.09,1.5,0.432,15,True,74.94,24,110,True,False,73.7,74.6,20,0.5,10,40,10,10,0.09,0.377,0.43,0.9,35,Z:\Experiments\Sr\Selection_experiment\2024\10\23\0043\2024-10-23_0043_Selection_experiment_135.h5,abs,basler_abs,orca,2.5,0.1,209,28,F:\Experiments\Sr\Selection_experiment\2024\10\23\0043\2024-10-23_0043_Selection_experiment_135.h5,False,True,340,340,Selection_experiment.py,150,True,True,True,1,189,1.0,26.5,30,135,0,2024-10-23 19:03:53.454780+02:00,2024-10-23 18:58:06+02:00,43,75.455,100,True,170,28,True
60,19.7,1,0,0,26.0,27.0,26.0,6.515625,4.171875,3.640625,26.6,41.7,26.7,23.3,64.656006,56.173584,52.511475,False,160.0,1,0.5,80,28,108,12.0,114,29,114,28,False,73.9,25,100,100,300,73.02,100.1,1.0,16.0,20000.0,2.0,200.0,0.0,1.0,1.0,0.11,200.0,2.0,0.1600056,5.0,20000.0,1.0,2.0,200.0,1.0,0.0,4.6000000000000005,4096.0,2304.0,4.6000000000000005,20000.0,100.0,2.0,200.0,0.0,100.0,1.0,1.0,0.1604232,6.233512359808308,7.2e-06,0.638888888888889,1.0,0.1,1.0,1.0,3.0,1.0,0.0,2.0,0.0009999999999999998,2.0,0.0,2.0,1.0,2.0,256.0,51248.0,916.0,2.0,1.0,-20.0,2308.0,100.0,2.0,792.0,100.0,2.0,5.0,0.0,3.0,0.0004104,2.88e-05,0.0,0.16043759999999999,0.00042479999999999997,1.0,2.0,0.0,3.0,1.0,2.0,2.0,1.0,b'IMAGE',b'IMAGE_GRAYSCALE',b'1.2',0,Orca_Camera,False,tweez,0.09,1.5,0.432,15,True,74.94,24,110,True,False,73.7,74.6,20,0.5,10,40,10,10,0.09,0.377,0.43,0.9,35,Z:\Experiments\Sr\Selection_experiment\2024\10\23\0043\2024-10-23_0043_Selection_experiment_136.h5,abs,basler_abs,orca,2.5,0.1,209,28,F:\Experiments\Sr\Selection_experiment\2024\10\23\0043\2024-10-23_0043_Selection_experiment_136.h5,False,True,340,340,Selection_experiment.py,150,True,True,True,1,189,1.0,26.5,30,136,0,2024-10-23 19:03:55.771879+02:00,2024-10-23 18:58:06+02:00,43,75.455,100,True,170,28,True
60,19.7,1,1,0,39.0,47.0,36.0,8.734375,7.609375,5.40625,32.0,55.9,48.7,34.6,79.07007,112.89429,73.42871,False,210.0,1,0.5,80,28,108,12.0,114,29,114,28,False,73.9,25,100,100,300,73.02,100.1,1.0,16.0,20000.0,2.0,200.0,0.0,1.0,1.0,0.11,200.0,2.0,0.21000239999999998,5.0,20000.0,1.0,2.0,200.0,1.0,0.0,4.6000000000000005,4096.0,2304.0,4.6000000000000005,20000.0,100.0,2.0,200.0,0.0,100.0,1.0,1.0,0.21042,4.7523999619808,7.2e-06,0.638888888888889,1.0,0.1,1.0,1.0,3.0,1.0,0.0,2.0,0.0009999999999999998,2.0,0.0,2.0,1.0,2.0,256.0,51248.0,916.0,2.0,1.0,-20.0,2308.0,100.0,2.0,792.0,100.0,2.0,5.0,0.0,3.0,0.0004104,2.88e-05,0.0,0.2104344,0.00042479999999999997,1.0,2.0,0.0,3.0,1.0,2.0,2.0,1.0,b'IMAGE',b'IMAGE_GRAYSCALE',b'1.2',0,Orca_Camera,False,tweez,0.09,1.5,0.432,15,True,74.94,24,110,True,False,73.7,74.6,20,0.5,10,40,10,10,0.09,0.377,0.43,0.9,35,Z:\Experiments\Sr\Selection_experiment\2024\10\23\0043\2024-10-23_0043_Selection_experiment_137.h5,abs,basler_abs,orca,2.5,0.1,209,28,F:\Experiments\Sr\Selection_experiment\2024\10\23\0043\2024-10-23_0043_Selection_experiment_137.h5,False,True,340,340,Selection_experiment.py,150,True,True,True,1,189,1.0,26.5,30,137,0,2024-10-23 19:03:58.105559+02:00,2024-10-23 18:58:06+02:00,43,75.455,100,True,170,28,True
60,19.7,1,1,1,50.0,51.0,45.0,11.609375,10.703125,8.984375,31.4,74.3,68.5,57.5,138.30054,129.20874,127.23413,False,260.0,1,0.5,80,28,108,12.0,114,29,114,28,False,73.9,25,100,100,300,73.02,100.1,1.0,16.0,20000.0,2.0,200.0,0.0,1.0,1.0,0.11,200.0,2.0,0.26000639999999997,5.0,20000.0,1.0,2.0,200.0,1.0,0.0,4.6000000000000005,4096.0,2304.0,4.6000000000000005,20000.0,100.0,2.0,200.0,0.0,100.0,1.0,1.0,0.260424,3.8398918686449792,7.2e-06,0.638888888888889,1.0,0.1,1.0,1.0,3.0,1.0,0.0,2.0,0.0009999999999999998,2.0,0.0,2.0,1.0,2.0,256.0,51248.0,916.0,2.0,1.0,-20.0,2308.0,100.0,2.0,792.0,100.0,2.0,5.0,0.0,3.0,0.0004104,2.88e-05,0.0,0.2604384,0.00042479999999999997,1.0,2.0,0.0,3.0,1.0,2.0,2.0,1.0,b'IMAGE',b'IMAGE_GRAYSCALE',b'1.2',0,Orca_Camera,False,tweez,0.09,1.5,0.432,15,True,74.94,24,110,True,False,73.7,74.6,20,0.5,10,40,10,10,0.09,0.377,0.43,0.9,35,Z:\Experiments\Sr\Selection_experiment\2024\10\23\0043\2024-10-23_0043_Selection_experiment_138.h5,abs,basler_abs,orca,2.5,0.1,209,28,F:\Experiments\Sr\Selection_experiment\2024\10\23\0043\2024-10-23_0043_Selection_experiment_138.h5,False,True,340,340,Selection_experiment.py,150,True,True,True,1,189,1.0,26.5,30,138,0,2024-10-23 19:04:00.886094+02:00,2024-10-23 18:58:06+02:00,43,75.455,100,True,170,28,True
60,19.7,1,1,1,65.0,40.0,34.0,12.9375,10.609375,8.953125,47.7,82.8,67.9,57.3,142.33984,136.14429,107.23218,False,310.0,1,0.5,80,28,108,12.0,114,29,114,28,False,73.9,25,100,100,300,73.02,100.1,1.0,16.0,20000.0,2.0,200.0,0.0,1.0,1.0,0.11,200.0,2.0,0.3100032,5.0,20000.0,1.0,2.0,200.0,1.0,0.0,4.6000000000000005,4096.0,2304.0,4.6000000000000005,20000.0,100.0,2.0,200.0,0.0,100.0,1.0,1.0,0.3104208,3.2214336152732033,7.2e-06,0.638888888888889,1.0,0.1,1.0,1.0,3.0,1.0,0.0,2.0,0.0009999999999999998,2.0,0.0,2.0,1.0,2.0,256.0,51248.0,916.0,2.0,1.0,-20.0,2308.0,100.0,2.0,792.0,100.0,2.0,5.0,0.0,3.0,0.0004104,2.88e-05,0.0,0.3104352,0.00042479999999999997,1.0,2.0,0.0,3.0,1.0,2.0,2.0,1.0,b'IMAGE',b'IMAGE_GRAYSCALE',b'1.2',0,Orca_Camera,False,tweez,0.09,1.5,0.432,15,True,74.94,24,110,True,False,73.7,74.6,20,0.5,10,40,10,10,0.09,0.377,0.43,0.9,35,Z:\Experiments\Sr\Selection_experiment\2024\10\23\0043\2024-10-23_0043_Selection_experiment_139.h5,abs,basler_abs,orca,2.5,0.1,209,28,F:\Experiments\Sr\Selection_experiment\2024\10\23\0043\2024-10-23_0043_Selection_experiment_139.h5,False,True,340,340,Selection_experiment.py,150,True,True,True,1,189,1.0,26.5,30,139,0,2024-10-23 19:04:03.699104+02:00,2024-10-23 18:58:06+02:00,43,75.455,100,True,170,28,True
60,19.7,0,0,0,13.0,25.0,15.0,2.375,2.234375,1.40625,21.9,15.2,14.3,9.0,18.421875,26.866943,20.52246,False,10.0,1,0.5,80,28,108,14.0,114,29,114,28,False,73.9,25,100,100,300,73.02,100.1,1.0,16.0,20000.0,2.0,200.0,0.0,1.0,1.0,0.11,200.0,2.0,0.010000799999999999,5.0,20000.0,1.0,2.0,200.0,1.0,0.0,4.6000000000000005,4096.0,2304.0,4.6000000000000005,20000.0,100.0,2.0,200.0,0.0,100.0,1.0,1.0,0.0104184,95.98402825769793,7.2e-06,0.638888888888889,1.0,0.1,1.0,1.0,3.0,1.0,0.0,2.0,0.0009999999999999998,2.0,0.0,2.0,1.0,2.0,256.0,51248.0,916.0,2.0,1.0,-20.0,2308.0,100.0,2.0,792.0,100.0,2.0,5.0,0.0,3.0,0.0004104,2.88e-05,0.0,0.010432799999999999,0.00042479999999999997,1.0,2.0,0.0,3.0,1.0,2.0,2.0,1.0,b'IMAGE',b'IMAGE_GRAYSCALE',b'1.2',0,Orca_Camera,False,tweez,0.09,1.5,0.432,15,True,74.94,24,110,True,False,73.7,74.6,20,0.5,10,40,10,10,0.09,0.377,0.43,0.9,35,Z:\Experiments\Sr\Selection_experiment\2024\10\23\0043\2024-10-23_0043_Selection_experiment_140.h5,abs,basler_abs,orca,2.5,0.1,209,28,F:\Experiments\Sr\Selection_experiment\2024\10\23\0043\2024-10-23_0043_Selection_experiment_140.h5,False,True,340,340,Selection_experiment.py,150,True,True,True,1,189,1.0,26.5,30,140,0,2024-10-23 19:04:06.500128+02:00,2024-10-23 18:58:06+02:00,43,75.455,100,True,170,28,True
60,19.7,0,0,0,31.0,27.0,22.0,5.4375,5.859375,3.25,23.0,34.8,37.5,20.8,62.746094,71.7771,42.09375,False,60.0,1,0.5,80,28,108,14.0,114,29,114,28,False,73.9,25,100,100,300,73.02,100.1,1.0,16.0,20000.0,2.0,200.0,0.0,1.0,1.0,0.11,200.0,2.0,0.0600048,5.0,20000.0,1.0,2.0,200.0,1.0,0.0,4.6000000000000005,4096.0,2304.0,4.6000000000000005,20000.0,100.0,2.0,200.0,0.0,100.0,1.0,1.0,0.060422399999999994,16.550153585425274,7.2e-06,0.638888888888889,1.0,0.1,1.0,1.0,3.0,1.0,0.0,2.0,0.0009999999999999998,2.0,0.0,2.0,1.0,2.0,256.0,51248.0,916.0,2.0,1.0,-20.0,2308.0,100.0,2.0,792.0,100.0,2.0,5.0,0.0,3.0,0.0004104,2.88e-05,0.0,0.06043679999999999,0.00042479999999999997,1.0,2.0,0.0,3.0,1.0,2.0,2.0,1.0,b'IMAGE',b'IMAGE_GRAYSCALE',b'1.2',0,Orca_Camera,False,tweez,0.09,1.5,0.432,15,True,74.94,24,110,True,False,73.7,74.6,20,0.5,10,40,10,10,0.09,0.377,0.43,0.9,35,Z:\Experiments\Sr\Selection_experiment\2024\10\23\0043\2024-10-23_0043_Selection_experiment_141.h5,abs,basler_abs,orca,2.5,0.1,209,28,F:\Experiments\Sr\Selection_experiment\2024\10\23\0043\2024-10-23_0043_Selection_experiment_141.h5,False,True,340,340,Selection_experiment.py,150,True,True,True,1,189,1.0,26.5,30,141,0,2024-10-23 19:04:08.778260+02:00,2024-10-23 18:58:06+02:00,43,75.455,100,True,170,28,True
60,19.7,1,1,0,36.0,43.0,29.0,6.78125,7.59375,3.484375,20.4,43.4,48.6,22.3,92.51465,115.24121,57.468506,False,110.0,1,0.5,80,28,108,14.0,114,29,114,28,False,73.9,25,100,100,300,73.02,100.1,1.0,16.0,20000.0,2.0,200.0,0.0,1.0,1.0,0.11,200.0,2.0,0.11000159999999999,5.0,20000.0,1.0,2.0,200.0,1.0,0.0,4.6000000000000005,4096.0,2304.0,4.6000000000000005,20000.0,100.0,2.0,200.0,0.0,100.0,1.0,1.0,0.1104192,9.056395989103345,7.2e-06,0.638888888888889,1.0,0.1,1.0,1.0,3.0,1.0,0.0,2.0,0.0009999999999999998,2.0,0.0,2.0,1.0,2.0,256.0,51248.0,916.0,2.0,1.0,-20.0,2308.0,100.0,2.0,792.0,100.0,2.0,5.0,0.0,3.0,0.0004104,2.88e-05,0.0,0.11043359999999999,0.00042479999999999997,1.0,2.0,0.0,3.0,1.0,2.0,2.0,1.0,b'IMAGE',b'IMAGE_GRAYSCALE',b'1.2',0,Orca_Camera,False,tweez,0.09,1.5,0.432,15,True,74.94,24,110,True,False,73.7,74.6,20,0.5,10,40,10,10,0.09,0.377,0.43,0.9,35,Z:\Experiments\Sr\Selection_experiment\2024\10\23\0043\2024-10-23_0043_Selection_experiment_142.h5,abs,basler_abs,orca,2.5,0.1,209,28,F:\Experiments\Sr\Selection_experiment\2024\10\23\0043\2024-10-23_0043_Selection_experiment_142.h5,False,True,340,340,Selection_experiment.py,150,True,True,True,1,189,1.0,26.5,30,142,0,2024-10-23 19:04:11.033139+02:00,2024-10-23 18:58:06+02:00,43,75.455,100,True,170,28,True
60,19.7,1,1,0,48.0,45.0,29.0,11.390625,8.890625,5.828125,21.3,72.9,56.9,37.3,158.98804,125.84741,69.986084,False,160.0,1,0.5,80,28,108,14.0,114,29,114,28,False,73.9,25,100,100,300,73.02,100.1,1.0,16.0,20000.0,2.0,200.0,0.0,1.0,1.0,0.11,200.0,2.0,0.1600056,5.0,20000.0,1.0,2.0,200.0,1.0,0.0,4.6000000000000005,4096.0,2304.0,4.6000000000000005,20000.0,100.0,2.0,200.0,0.0,100.0,1.0,1.0,0.1604232,6.233512359808308,7.2e-06,0.638888888888889,1.0,0.1,1.0,1.0,3.0,1.0,0.0,2.0,0.0009999999999999998,2.0,0.0,2.0,1.0,2.0,256.0,51248.0,916.0,2.0,1.0,-20.0,2308.0,100.0,2.0,792.0,100.0,2.0,5.0,0.0,3.0,0.0004104,2.88e-05,0.0,0.16043759999999999,0.00042479999999999997,1.0,2.0,0.0,3.0,1.0,2.0,2.0,1.0,b'IMAGE',b'IMAGE_GRAYSCALE',b'1.2',0,Orca_Camera,False,tweez,0.09,1.5,0.432,15,True,74.94,24,110,True,False,73.7,74.6,20,0.5,10,40,10,10,0.09,0.377,0.43,0.9,35,Z:\Experiments\Sr\Selection_experiment\2024\10\23\0043\2024-10-23_0043_Selection_experiment_143.h5,abs,basler_abs,orca,2.5,0.1,209,28,F:\Experiments\Sr\Selection_experiment\2024\10\23\0043\2024-10-23_0043_Selection_experiment_143.h5,False,True,340,340,Selection_experiment.py,150,True,True,True,1,189,1.0,26.5,30,143,0,2024-10-23 19:04:13.301639+02:00,2024-10-23 18:58:06+02:00,43,75.455,100,True,170,28,True
60,19.7,1,1,1,49.0,57.0,40.0,12.671875,15.609375,8.59375,31.3,81.1,99.9,55.0,171.90796,188.73804,111.17871,False,210.0,1,0.5,80,28,108,14.0,114,29,114,28,False,73.9,25,100,100,300,73.02,100.1,1.0,16.0,20000.0,2.0,200.0,0.0,1.0,1.0,0.11,200.0,2.0,0.21000239999999998,5.0,20000.0,1.0,2.0,200.0,1.0,0.0,4.6000000000000005,4096.0,2304.0,4.6000000000000005,20000.0,100.0,2.0,200.0,0.0,100.0,1.0,1.0,0.21042,4.7523999619808,7.2e-06,0.638888888888889,1.0,0.1,1.0,1.0,3.0,1.0,0.0,2.0,0.0009999999999999998,2.0,0.0,2.0,1.0,2.0,256.0,51248.0,916.0,2.0,1.0,-20.0,2308.0,100.0,2.0,792.0,100.0,2.0,5.0,0.0,3.0,0.0004104,2.88e-05,0.0,0.2104344,0.00042479999999999997,1.0,2.0,0.0,3.0,1.0,2.0,2.0,1.0,b'IMAGE',b'IMAGE_GRAYSCALE',b'1.2',0,Orca_Camera,False,tweez,0.09,1.5,0.432,15,True,74.94,24,110,True,False,73.7,74.6,20,0.5,10,40,10,10,0.09,0.377,0.43,0.9,35,Z:\Experiments\Sr\Selection_experiment\2024\10\23\0043\2024-10-23_0043_Selection_experiment_144.h5,abs,basler_abs,orca,2.5,0.1,209,28,F:\Experiments\Sr\Selection_experiment\2024\10\23\0043\2024-10-23_0043_Selection_experiment_144.h5,False,True,340,340,Selection_experiment.py,150,True,True,True,1,189,1.0,26.5,30,144,0,2024-10-23 19:04:15.653701+02:00,2024-10-23 18:58:06+02:00,43,75.455,100,True,170,28,True
60,19.7,1,1,1,61.0,73.0,50.0,16.78125,15.171875,7.96875,34.2,107.4,97.1,51.0,258.2959,258.23608,142.21777,False,260.0,1,0.5,80,28,108,14.0,114,29,114,28,False,73.9,25,100,100,300,73.02,100.1,1.0,16.0,20000.0,2.0,200.0,0.0,1.0,1.0,0.11,200.0,2.0,0.26000639999999997,5.0,20000.0,1.0,2.0,200.0,1.0,0.0,4.6000000000000005,4096.0,2304.0,4.6000000000000005,20000.0,100.0,2.0,200.0,0.0,100.0,1.0,1.0,0.260424,3.8398918686449792,7.2e-06,0.638888888888889,1.0,0.1,1.0,1.0,3.0,1.0,0.0,2.0,0.0009999999999999998,2.0,0.0,2.0,1.0,2.0,256.0,51248.0,916.0,2.0,1.0,-20.0,2308.0,100.0,2.0,792.0,100.0,2.0,5.0,0.0,3.0,0.0004104,2.88e-05,0.0,0.2604384,0.00042479999999999997,1.0,2.0,0.0,3.0,1.0,2.0,2.0,1.0,b'IMAGE',b'IMAGE_GRAYSCALE',b'1.2',0,Orca_Camera,False,tweez,0.09,1.5,0.432,15,True,74.94,24,110,True,False,73.7,74.6,20,0.5,10,40,10,10,0.09,0.377,0.43,0.9,35,Z:\Experiments\Sr\Selection_experiment\2024\10\23\0043\2024-10-23_0043_Selection_experiment_145.h5,abs,basler_abs,orca,2.5,0.1,209,28,F:\Experiments\Sr\Selection_experiment\2024\10\23\0043\2024-10-23_0043_Selection_experiment_145.h5,False,True,340,340,Selection_experiment.py,150,True,True,True,1,189,1.0,26.5,30,145,0,2024-10-23 19:04:18.453671+02:00,2024-10-23 18:58:06+02:00,43,75.455,100,True,170,28,True
60,19.7,1,1,1,66.0,89.0,50.0,16.515625,19.5625,13.3125,39.5,105.7,125.2,85.2,310.99976,354.1836,108.49609,False,310.0,1,0.5,80,28,108,14.0,114,29,114,28,False,73.9,25,100,100,300,73.02,100.1,1.0,16.0,20000.0,2.0,200.0,0.0,1.0,1.0,0.11,200.0,2.0,0.3100032,5.0,20000.0,1.0,2.0,200.0,1.0,0.0,4.6000000000000005,4096.0,2304.0,4.6000000000000005,20000.0,100.0,2.0,200.0,0.0,100.0,1.0,1.0,0.3104208,3.2214336152732033,7.2e-06,0.638888888888889,1.0,0.1,1.0,1.0,3.0,1.0,0.0,2.0,0.0009999999999999998,2.0,0.0,2.0,1.0,2.0,256.0,51248.0,916.0,2.0,1.0,-20.0,2308.0,100.0,2.0,792.0,100.0,2.0,5.0,0.0,3.0,0.0004104,2.88e-05,0.0,0.3104352,0.00042479999999999997,1.0,2.0,0.0,3.0,1.0,2.0,2.0,1.0,b'IMAGE',b'IMAGE_GRAYSCALE',b'1.2',0,Orca_Camera,False,tweez,0.09,1.5,0.432,15,True,74.94,24,110,True,False,73.7,74.6,20,0.5,10,40,10,10,0.09,0.377,0.43,0.9,35,Z:\Experiments\Sr\Selection_experiment\2024\10\23\0043\2024-10-23_0043_Selection_experiment_146.h5,abs,basler_abs,orca,2.5,0.1,209,28,F:\Experiments\Sr\Selection_experiment\2024\10\23\0043\2024-10-23_0043_Selection_experiment_146.h5,False,True,340,340,Selection_experiment.py,150,True,True,True,1,189,1.0,26.5,30,146,0,2024-10-23 19:04:21.293349+02:00,2024-10-23 18:58:06+02:00,43,75.455,100,True,170,28,True
60,19.7,0,0,0,19.0,16.0,19.0,3.09375,2.859375,1.359375,22.1,19.8,18.3,8.7,26.70996,31.2771,28.730225,False,10.0,1,0.5,80,28,108,16.0,114,29,114,28,False,73.9,25,100,100,300,73.02,100.1,1.0,16.0,20000.0,2.0,200.0,0.0,1.0,1.0,0.11,200.0,2.0,0.010000799999999999,5.0,20000.0,1.0,2.0,200.0,1.0,0.0,4.6000000000000005,4096.0,2304.0,4.6000000000000005,20000.0,100.0,2.0,200.0,0.0,100.0,1.0,1.0,0.0104184,95.98402825769793,7.2e-06,0.638888888888889,1.0,0.1,1.0,1.0,3.0,1.0,0.0,2.0,0.0009999999999999998,2.0,0.0,2.0,1.0,2.0,256.0,51248.0,916.0,2.0,1.0,-20.0,2308.0,100.0,2.0,792.0,100.0,2.0,5.0,0.0,3.0,0.0004104,2.88e-05,0.0,0.010432799999999999,0.00042479999999999997,1.0,2.0,0.0,3.0,1.0,2.0,2.0,1.0,b'IMAGE',b'IMAGE_GRAYSCALE',b'1.2',0,Orca_Camera,False,tweez,0.09,1.5,0.432,15,True,74.94,24,110,True,False,73.7,74.6,20,0.5,10,40,10,10,0.09,0.377,0.43,0.9,35,Z:\Experiments\Sr\Selection_experiment\2024\10\23\0043\2024-10-23_0043_Selection_experiment_147.h5,abs,basler_abs,orca,2.5,0.1,209,28,F:\Experiments\Sr\Selection_experiment\2024\10\23\0043\2024-10-23_0043_Selection_experiment_147.h5,False,True,340,340,Selection_experiment.py,150,True,True,True,1,189,1.0,26.5,30,147,0,2024-10-23 19:04:24.085548+02:00,2024-10-23 18:58:06+02:00,43,75.455,100,True,170,28,True
60,19.7,1,1,0,41.0,61.0,27.0,8.5,8.71875,4.34375,24.6,54.4,55.8,27.8,108.5,151.76465,63.819336,False,60.0,1,0.5,80,28,108,16.0,114,29,114,28,False,73.9,25,100,100,300,73.02,100.1,1.0,16.0,20000.0,2.0,200.0,0.0,1.0,1.0,0.11,200.0,2.0,0.0600048,5.0,20000.0,1.0,2.0,200.0,1.0,0.0,4.6000000000000005,4096.0,2304.0,4.6000000000000005,20000.0,100.0,2.0,200.0,0.0,100.0,1.0,1.0,0.060422399999999994,16.550153585425274,7.2e-06,0.638888888888889,1.0,0.1,1.0,1.0,3.0,1.0,0.0,2.0,0.0009999999999999998,2.0,0.0,2.0,1.0,2.0,256.0,51248.0,916.0,2.0,1.0,-20.0,2308.0,100.0,2.0,792.0,100.0,2.0,5.0,0.0,3.0,0.0004104,2.88e-05,0.0,0.06043679999999999,0.00042479999999999997,1.0,2.0,0.0,3.0,1.0,2.0,2.0,1.0,b'IMAGE',b'IMAGE_GRAYSCALE',b'1.2',0,Orca_Camera,False,tweez,0.09,1.5,0.432,15,True,74.94,24,110,True,False,73.7,74.6,20,0.5,10,40,10,10,0.09,0.377,0.43,0.9,35,Z:\Experiments\Sr\Selection_experiment\2024\10\23\0043\2024-10-23_0043_Selection_experiment_148.h5,abs,basler_abs,orca,2.5,0.1,209,28,F:\Experiments\Sr\Selection_experiment\2024\10\23\0043\2024-10-23_0043_Selection_experiment_148.h5,False,True,340,340,Selection_experiment.py,150,True,True,True,1,189,1.0,26.5,30,148,0,2024-10-23 19:04:26.358775+02:00,2024-10-23 18:58:06+02:00,43,75.455,100,True,170,28,True
60,19.7,1,1,1,69.0,76.0,34.0,15.46875,15.796875,8.453125,33.5,99.0,101.1,54.1,253.24902,216.56812,102.1228,False,110.0,1,0.5,80,28,108,16.0,114,29,114,28,False,73.9,25,100,100,300,73.02,100.1,1.0,16.0,20000.0,2.0,200.0,0.0,1.0,1.0,0.11,200.0,2.0,0.11000159999999999,5.0,20000.0,1.0,2.0,200.0,1.0,0.0,4.6000000000000005,4096.0,2304.0,4.6000000000000005,20000.0,100.0,2.0,200.0,0.0,100.0,1.0,1.0,0.1104192,9.056395989103345,7.2e-06,0.638888888888889,1.0,0.1,1.0,1.0,3.0,1.0,0.0,2.0,0.0009999999999999998,2.0,0.0,2.0,1.0,2.0,256.0,51248.0,916.0,2.0,1.0,-20.0,2308.0,100.0,2.0,792.0,100.0,2.0,5.0,0.0,3.0,0.0004104,2.88e-05,0.0,0.11043359999999999,0.00042479999999999997,1.0,2.0,0.0,3.0,1.0,2.0,2.0,1.0,b'IMAGE',b'IMAGE_GRAYSCALE',b'1.2',0,Orca_Camera,False,tweez,0.09,1.5,0.432,15,True,74.94,24,110,True,False,73.7,74.6,20,0.5,10,40,10,10,0.09,0.377,0.43,0.9,35,Z:\Experiments\Sr\Selection_experiment\2024\10\23\0043\2024-10-23_0043_Selection_experiment_149.h5,abs,basler_abs,orca,2.5,0.1,209,28,F:\Experiments\Sr\Selection_experiment\2024\10\23\0043\2024-10-23_0043_Selection_experiment_149.h5,False,True,340,340,Selection_experiment.py,150,True,True,True,1,189,1.0,26.5,30,149,0,2024-10-23 19:04:28.656074+02:00,2024-10-23 18:58:06+02:00,43,75.455,100,True,170,28,True
60,19.7,1,1,1,87.0,78.0,45.0,18.796875,20.359375,10.265625,26.8,120.3,130.3,65.7,330.03687,374.54272,125.35132,False,160.0,1,0.5,80,28,108,16.0,114,29,114,28,False,73.9,25,100,100,300,73.02,100.1,1.0,16.0,20000.0,2.0,200.0,0.0,1.0,1.0,0.11,200.0,2.0,0.1600056,5.0,20000.0,1.0,2.0,200.0,1.0,0.0,4.6000000000000005,4096.0,2304.0,4.6000000000000005,20000.0,100.0,2.0,200.0,0.0,100.0,1.0,1.0,0.1604232,6.233512359808308,7.2e-06,0.638888888888889,1.0,0.1,1.0,1.0,3.0,1.0,0.0,2.0,0.0009999999999999998,2.0,0.0,2.0,1.0,2.0,256.0,51248.0,916.0,2.0,1.0,-20.0,2308.0,100.0,2.0,792.0,100.0,2.0,5.0,0.0,3.0,0.0004104,2.88e-05,0.0,0.16043759999999999,0.00042479999999999997,1.0,2.0,0.0,3.0,1.0,2.0,2.0,1.0,b'IMAGE',b'IMAGE_GRAYSCALE',b'1.2',0,Orca_Camera,False,tweez,0.09,1.5,0.432,15,True,74.94,24,110,True,False,73.7,74.6,20,0.5,10,40,10,10,0.09,0.377,0.43,0.9,35,Z:\Experiments\Sr\Selection_experiment\2024\10\23\0043\2024-10-23_0043_Selection_experiment_150.h5,abs,basler_abs,orca,2.5,0.1,209,28,F:\Experiments\Sr\Selection_experiment\2024\10\23\0043\2024-10-23_0043_Selection_experiment_150.h5,False,True,340,340,Selection_experiment.py,150,True,True,True,1,189,1.0,26.5,30,150,0,2024-10-23 19:04:30.945109+02:00,2024-10-23 18:58:06+02:00,43,75.455,100,True,170,28,True
60,19.7,1,1,1,103.0,154.0,65.0,22.078125,28.5,14.4375,35.2,141.3,182.4,92.4,600.8533,762.96875,227.4961,False,210.0,1,0.5,80,28,108,16.0,114,29,114,28,False,73.9,25,100,100,300,73.02,100.1,1.0,16.0,20000.0,2.0,200.0,0.0,1.0,1.0,0.11,200.0,2.0,0.21000239999999998,5.0,20000.0,1.0,2.0,200.0,1.0,0.0,4.6000000000000005,4096.0,2304.0,4.6000000000000005,20000.0,100.0,2.0,200.0,0.0,100.0,1.0,1.0,0.21042,4.7523999619808,7.2e-06,0.638888888888889,1.0,0.1,1.0,1.0,3.0,1.0,0.0,2.0,0.0009999999999999998,2.0,0.0,2.0,1.0,2.0,256.0,51248.0,916.0,2.0,1.0,-20.0,2308.0,100.0,2.0,792.0,100.0,2.0,5.0,0.0,3.0,0.0004104,2.88e-05,0.0,0.2104344,0.00042479999999999997,1.0,2.0,0.0,3.0,1.0,2.0,2.0,1.0,b'IMAGE',b'IMAGE_GRAYSCALE',b'1.2',0,Orca_Camera,False,tweez,0.09,1.5,0.432,15,True,74.94,24,110,True,False,73.7,74.6,20,0.5,10,40,10,10,0.09,0.377,0.43,0.9,35,Z:\Experiments\Sr\Selection_experiment\2024\10\23\0043\2024-10-23_0043_Selection_experiment_151.h5,abs,basler_abs,orca,2.5,0.1,209,28,F:\Experiments\Sr\Selection_experiment\2024\10\23\0043\2024-10-23_0043_Selection_experiment_151.h5,False,True,340,340,Selection_experiment.py,150,True,True,True,1,189,1.0,26.5,30,151,0,2024-10-23 19:04:33.252950+02:00,2024-10-23 18:58:06+02:00,43,75.455,100,True,170,28,True
60,19.7,1,1,1,114.0,104.0,50.0,27.71875,34.03125,16.9375,39.5,177.4,217.8,108.4,861.13965,713.9365,232.5586,False,260.0,1,0.5,80,28,108,16.0,114,29,114,28,False,73.9,25,100,100,300,73.02,100.1,1.0,16.0,20000.0,2.0,200.0,0.0,1.0,1.0,0.11,200.0,2.0,0.26000639999999997,5.0,20000.0,1.0,2.0,200.0,1.0,0.0,4.6000000000000005,4096.0,2304.0,4.6000000000000005,20000.0,100.0,2.0,200.0,0.0,100.0,1.0,1.0,0.260424,3.8398918686449792,7.2e-06,0.638888888888889,1.0,0.1,1.0,1.0,3.0,1.0,0.0,2.0,0.0009999999999999998,2.0,0.0,2.0,1.0,2.0,256.0,51248.0,916.0,2.0,1.0,-20.0,2308.0,100.0,2.0,792.0,100.0,2.0,5.0,0.0,3.0,0.0004104,2.88e-05,0.0,0.2604384,0.00042479999999999997,1.0,2.0,0.0,3.0,1.0,2.0,2.0,1.0,b'IMAGE',b'IMAGE_GRAYSCALE',b'1.2',0,Orca_Camera,False,tweez,0.09,1.5,0.432,15,True,74.94,24,110,True,False,73.7,74.6,20,0.5,10,40,10,10,0.09,0.377,0.43,0.9,35,Z:\Experiments\Sr\Selection_experiment\2024\10\23\0043\2024-10-23_0043_Selection_experiment_152.h5,abs,basler_abs,orca,2.5,0.1,209,28,F:\Experiments\Sr\Selection_experiment\2024\10\23\0043\2024-10-23_0043_Selection_experiment_152.h5,False,True,340,340,Selection_experiment.py,150,True,True,True,1,189,1.0,26.5,30,152,0,2024-10-23 19:04:36.040788+02:00,2024-10-23 18:58:06+02:00,43,75.455,100,True,170,28,True
60,19.7,1,1,1,125.0,178.0,112.0,33.796875,32.28125,18.40625,37.7,216.3,206.6,117.8,780.9118,1358.7334,533.7724,False,310.0,1,0.5,80,28,108,16.0,114,29,114,28,False,73.9,25,100,100,300,73.02,100.1,1.0,16.0,20000.0,2.0,200.0,0.0,1.0,1.0,0.11,200.0,2.0,0.3100032,5.0,20000.0,1.0,2.0,200.0,1.0,0.0,4.6000000000000005,4096.0,2304.0,4.6000000000000005,20000.0,100.0,2.0,200.0,0.0,100.0,1.0,1.0,0.3104208,3.2214336152732033,7.2e-06,0.638888888888889,1.0,0.1,1.0,1.0,3.0,1.0,0.0,2.0,0.0009999999999999998,2.0,0.0,2.0,1.0,2.0,256.0,51248.0,916.0,2.0,1.0,-20.0,2308.0,100.0,2.0,792.0,100.0,2.0,5.0,0.0,3.0,0.0004104,2.88e-05,0.0,0.3104352,0.00042479999999999997,1.0,2.0,0.0,3.0,1.0,2.0,2.0,1.0,b'IMAGE',b'IMAGE_GRAYSCALE',b'1.2',0,Orca_Camera,False,tweez,0.09,1.5,0.432,15,True,74.94,24,110,True,False,73.7,74.6,20,0.5,10,40,10,10,0.09,0.377,0.43,0.9,35,Z:\Experiments\Sr\Selection_experiment\2024\10\23\0043\2024-10-23_0043_Selection_experiment_153.h5,abs,basler_abs,orca,2.5,0.1,209,28,F:\Experiments\Sr\Selection_experiment\2024\10\23\0043\2024-10-23_0043_Selection_experiment_153.h5,False,True,340,340,Selection_experiment.py,150,True,True,True,1,189,1.0,26.5,30,153,0,2024-10-23 19:04:38.839730+02:00,2024-10-23 18:58:06+02:00,43,75.455,100,True,170,28,True
60,19.7,0,0,0,32.0,28.0,12.0,3.921875,2.265625,2.046875,22.7,25.1,14.5,13.1,59.57202,33.00757,22.544678,False,10.0,1,0.5,80,28,108,18.0,114,29,114,28,False,73.9,25,100,100,300,73.02,100.1,1.0,16.0,20000.0,2.0,200.0,0.0,1.0,1.0,0.11,200.0,2.0,0.010000799999999999,5.0,20000.0,1.0,2.0,200.0,1.0,0.0,4.6000000000000005,4096.0,2304.0,4.6000000000000005,20000.0,100.0,2.0,200.0,0.0,100.0,1.0,1.0,0.0104184,95.98402825769793,7.2e-06,0.638888888888889,1.0,0.1,1.0,1.0,3.0,1.0,0.0,2.0,0.0009999999999999998,2.0,0.0,2.0,1.0,2.0,256.0,51248.0,916.0,2.0,1.0,-20.0,2308.0,100.0,2.0,792.0,100.0,2.0,5.0,0.0,3.0,0.0004104,2.88e-05,0.0,0.010432799999999999,0.00042479999999999997,1.0,2.0,0.0,3.0,1.0,2.0,2.0,1.0,b'IMAGE',b'IMAGE_GRAYSCALE',b'1.2',0,Orca_Camera,False,tweez,0.09,1.5,0.432,15,True,74.94,24,110,True,False,73.7,74.6,20,0.5,10,40,10,10,0.09,0.377,0.43,0.9,35,Z:\Experiments\Sr\Selection_experiment\2024\10\23\0043\2024-10-23_0043_Selection_experiment_154.h5,abs,basler_abs,orca,2.5,0.1,209,28,F:\Experiments\Sr\Selection_experiment\2024\10\23\0043\2024-10-23_0043_Selection_experiment_154.h5,False,True,340,340,Selection_experiment.py,150,True,True,True,1,189,1.0,26.5,30,154,0,2024-10-23 19:04:41.632194+02:00,2024-10-23 18:58:06+02:00,43,75.455,100,True,170,28,True
60,19.7,1,1,1,79.0,99.0,38.0,15.140625,18.171875,8.390625,14.2,96.9,116.3,53.7,326.40207,398.89233,125.33179,False,60.0,1,0.5,80,28,108,18.0,114,29,114,28,False,73.9,25,100,100,300,73.02,100.1,1.0,16.0,20000.0,2.0,200.0,0.0,1.0,1.0,0.11,200.0,2.0,0.0600048,5.0,20000.0,1.0,2.0,200.0,1.0,0.0,4.6000000000000005,4096.0,2304.0,4.6000000000000005,20000.0,100.0,2.0,200.0,0.0,100.0,1.0,1.0,0.060422399999999994,16.550153585425274,7.2e-06,0.638888888888889,1.0,0.1,1.0,1.0,3.0,1.0,0.0,2.0,0.0009999999999999998,2.0,0.0,2.0,1.0,2.0,256.0,51248.0,916.0,2.0,1.0,-20.0,2308.0,100.0,2.0,792.0,100.0,2.0,5.0,0.0,3.0,0.0004104,2.88e-05,0.0,0.06043679999999999,0.00042479999999999997,1.0,2.0,0.0,3.0,1.0,2.0,2.0,1.0,b'IMAGE',b'IMAGE_GRAYSCALE',b'1.2',0,Orca_Camera,False,tweez,0.09,1.5,0.432,15,True,74.94,24,110,True,False,73.7,74.6,20,0.5,10,40,10,10,0.09,0.377,0.43,0.9,35,Z:\Experiments\Sr\Selection_experiment\2024\10\23\0043\2024-10-23_0043_Selection_experiment_155.h5,abs,basler_abs,orca,2.5,0.1,209,28,F:\Experiments\Sr\Selection_experiment\2024\10\23\0043\2024-10-23_0043_Selection_experiment_155.h5,False,True,340,340,Selection_experiment.py,150,True,True,True,1,189,1.0,26.5,30,155,0,2024-10-23 19:04:43.886446+02:00,2024-10-23 18:58:06+02:00,43,75.455,100,True,170,28,True
60,19.7,1,1,1,95.0,93.0,64.0,26.78125,25.328125,11.484375,27.7,171.4,162.1,73.5,620.32715,578.5017,193.281,False,110.0,1,0.5,80,28,108,18.0,114,29,114,28,False,73.9,25,100,100,300,73.02,100.1,1.0,16.0,20000.0,2.0,200.0,0.0,1.0,1.0,0.11,200.0,2.0,0.11000159999999999,5.0,20000.0,1.0,2.0,200.0,1.0,0.0,4.6000000000000005,4096.0,2304.0,4.6000000000000005,20000.0,100.0,2.0,200.0,0.0,100.0,1.0,1.0,0.1104192,9.056395989103345,7.2e-06,0.638888888888889,1.0,0.1,1.0,1.0,3.0,1.0,0.0,2.0,0.0009999999999999998,2.0,0.0,2.0,1.0,2.0,256.0,51248.0,916.0,2.0,1.0,-20.0,2308.0,100.0,2.0,792.0,100.0,2.0,5.0,0.0,3.0,0.0004104,2.88e-05,0.0,0.11043359999999999,0.00042479999999999997,1.0,2.0,0.0,3.0,1.0,2.0,2.0,1.0,b'IMAGE',b'IMAGE_GRAYSCALE',b'1.2',0,Orca_Camera,False,tweez,0.09,1.5,0.432,15,True,74.94,24,110,True,False,73.7,74.6,20,0.5,10,40,10,10,0.09,0.377,0.43,0.9,35,Z:\Experiments\Sr\Selection_experiment\2024\10\23\0043\2024-10-23_0043_Selection_experiment_156.h5,abs,basler_abs,orca,2.5,0.1,209,28,F:\Experiments\Sr\Selection_experiment\2024\10\23\0043\2024-10-23_0043_Selection_experiment_156.h5,False,True,340,340,Selection_experiment.py,150,True,True,True,1,189,1.0,26.5,30,156,0,2024-10-23 19:04:46.175227+02:00,2024-10-23 18:58:06+02:00,43,75.455,100,True,170,28,True
60,19.7,1,1,1,157.0,177.0,76.0,31.46875,31.625,17.375,28.8,201.4,202.4,111.2,1217.374,1245.3281,292.85938,False,160.0,1,0.5,80,28,108,18.0,114,29,114,28,False,73.9,25,100,100,300,73.02,100.1,1.0,16.0,20000.0,2.0,200.0,0.0,1.0,1.0,0.11,200.0,2.0,0.1600056,5.0,20000.0,1.0,2.0,200.0,1.0,0.0,4.6000000000000005,4096.0,2304.0,4.6000000000000005,20000.0,100.0,2.0,200.0,0.0,100.0,1.0,1.0,0.1604232,6.233512359808308,7.2e-06,0.638888888888889,1.0,0.1,1.0,1.0,3.0,1.0,0.0,2.0,0.0009999999999999998,2.0,0.0,2.0,1.0,2.0,256.0,51248.0,916.0,2.0,1.0,-20.0,2308.0,100.0,2.0,792.0,100.0,2.0,5.0,0.0,3.0,0.0004104,2.88e-05,0.0,0.16043759999999999,0.00042479999999999997,1.0,2.0,0.0,3.0,1.0,2.0,2.0,1.0,b'IMAGE',b'IMAGE_GRAYSCALE',b'1.2',0,Orca_Camera,False,tweez,0.09,1.5,0.432,15,True,74.94,24,110,True,False,73.7,74.6,20,0.5,10,40,10,10,0.09,0.377,0.43,0.9,35,Z:\Experiments\Sr\Selection_experiment\2024\10\23\0043\2024-10-23_0043_Selection_experiment_157.h5,abs,basler_abs,orca,2.5,0.1,209,28,F:\Experiments\Sr\Selection_experiment\2024\10\23\0043\2024-10-23_0043_Selection_experiment_157.h5,False,True,340,340,Selection_experiment.py,150,True,True,True,1,189,1.0,26.5,30,157,0,2024-10-23 19:04:48.439309+02:00,2024-10-23 18:58:06+02:00,43,75.455,100,True,170,28,True
60,19.7,1,1,1,159.0,270.0,68.0,40.328125,41.3125,20.296875,25.9,258.1,264.4,129.9,1566.7517,1970.2461,320.24,False,210.0,1,0.5,80,28,108,18.0,114,29,114,28,False,73.9,25,100,100,300,73.02,100.1,1.0,16.0,20000.0,2.0,200.0,0.0,1.0,1.0,0.11,200.0,2.0,0.21000239999999998,5.0,20000.0,1.0,2.0,200.0,1.0,0.0,4.6000000000000005,4096.0,2304.0,4.6000000000000005,20000.0,100.0,2.0,200.0,0.0,100.0,1.0,1.0,0.21042,4.7523999619808,7.2e-06,0.638888888888889,1.0,0.1,1.0,1.0,3.0,1.0,0.0,2.0,0.0009999999999999998,2.0,0.0,2.0,1.0,2.0,256.0,51248.0,916.0,2.0,1.0,-20.0,2308.0,100.0,2.0,792.0,100.0,2.0,5.0,0.0,3.0,0.0004104,2.88e-05,0.0,0.2104344,0.00042479999999999997,1.0,2.0,0.0,3.0,1.0,2.0,2.0,1.0,b'IMAGE',b'IMAGE_GRAYSCALE',b'1.2',0,Orca_Camera,False,tweez,0.09,1.5,0.432,15,True,74.94,24,110,True,False,73.7,74.6,20,0.5,10,40,10,10,0.09,0.377,0.43,0.9,35,Z:\Experiments\Sr\Selection_experiment\2024\10\23\0043\2024-10-23_0043_Selection_experiment_158.h5,abs,basler_abs,orca,2.5,0.1,209,28,F:\Experiments\Sr\Selection_experiment\2024\10\23\0043\2024-10-23_0043_Selection_experiment_158.h5,False,True,340,340,Selection_experiment.py,150,True,True,True,1,189,1.0,26.5,30,158,0,2024-10-23 19:04:50.761915+02:00,2024-10-23 18:58:06+02:00,43,75.455,100,True,170,28,True
60,19.7,1,1,1,174.0,208.0,59.0,44.671875,38.859375,22.078125,37.7,285.9,248.7,141.3,1710.2203,1581.152,244.35327,False,260.0,1,0.5,80,28,108,18.0,114,29,114,28,False,73.9,25,100,100,300,73.02,100.1,1.0,16.0,20000.0,2.0,200.0,0.0,1.0,1.0,0.11,200.0,2.0,0.26000639999999997,5.0,20000.0,1.0,2.0,200.0,1.0,0.0,4.6000000000000005,4096.0,2304.0,4.6000000000000005,20000.0,100.0,2.0,200.0,0.0,100.0,1.0,1.0,0.260424,3.8398918686449792,7.2e-06,0.638888888888889,1.0,0.1,1.0,1.0,3.0,1.0,0.0,2.0,0.0009999999999999998,2.0,0.0,2.0,1.0,2.0,256.0,51248.0,916.0,2.0,1.0,-20.0,2308.0,100.0,2.0,792.0,100.0,2.0,5.0,0.0,3.0,0.0004104,2.88e-05,0.0,0.2604384,0.00042479999999999997,1.0,2.0,0.0,3.0,1.0,2.0,2.0,1.0,b'IMAGE',b'IMAGE_GRAYSCALE',b'1.2',0,Orca_Camera,False,tweez,0.09,1.5,0.432,15,True,74.94,24,110,True,False,73.7,74.6,20,0.5,10,40,10,10,0.09,0.377,0.43,0.9,35,Z:\Experiments\Sr\Selection_experiment\2024\10\23\0043\2024-10-23_0043_Selection_experiment_159.h5,abs,basler_abs,orca,2.5,0.1,209,28,F:\Experiments\Sr\Selection_experiment\2024\10\23\0043\2024-10-23_0043_Selection_experiment_159.h5,False,True,340,340,Selection_experiment.py,150,True,True,True,1,189,1.0,26.5,30,159,0,2024-10-23 19:04:53.581119+02:00,2024-10-23 18:58:06+02:00,43,75.455,100,True,170,28,True
60,19.7,1,1,1,133.0,248.0,72.0,37.640625,50.65625,18.375,34.1,240.9,324.2,117.6,1127.0426,2708.7256,356.48438,False,310.0,1,0.5,80,28,108,18.0,114,29,114,28,False,73.9,25,100,100,300,73.02,100.1,1.0,16.0,20000.0,2.0,200.0,0.0,1.0,1.0,0.11,200.0,2.0,0.3100032,5.0,20000.0,1.0,2.0,200.0,1.0,0.0,4.6000000000000005,4096.0,2304.0,4.6000000000000005,20000.0,100.0,2.0,200.0,0.0,100.0,1.0,1.0,0.3104208,3.2214336152732033,7.2e-06,0.638888888888889,1.0,0.1,1.0,1.0,3.0,1.0,0.0,2.0,0.0009999999999999998,2.0,0.0,2.0,1.0,2.0,256.0,51248.0,916.0,2.0,1.0,-20.0,2308.0,100.0,2.0,792.0,100.0,2.0,5.0,0.0,3.0,0.0004104,2.88e-05,0.0,0.3104352,0.00042479999999999997,1.0,2.0,0.0,3.0,1.0,2.0,2.0,1.0,b'IMAGE',b'IMAGE_GRAYSCALE',b'1.2',0,Orca_Camera,False,tweez,0.09,1.5,0.432,15,True,74.94,24,110,True,False,73.7,74.6,20,0.5,10,40,10,10,0.09,0.377,0.43,0.9,35,Z:\Experiments\Sr\Selection_experiment\2024\10\23\0043\2024-10-23_0043_Selection_experiment_160.h5,abs,basler_abs,orca,2.5,0.1,209,28,F:\Experiments\Sr\Selection_experiment\2024\10\23\0043\2024-10-23_0043_Selection_experiment_160.h5,False,True,340,340,Selection_experiment.py,150,True,True,True,1,189,1.0,26.5,30,160,0,2024-10-23 19:04:56.406705+02:00,2024-10-23 18:58:06+02:00,43,75.455,100,True,170,28,True
60,19.7,0,1,0,25.0,38.0,35.0,5.734375,6.5,4.5,17.8,36.7,41.6,28.8,62.60132,86.84375,55.28125,False,10.0,1,0.5,80,28,108,20.0,114,29,114,28,False,73.9,25,100,100,300,73.02,100.1,1.0,16.0,20000.0,2.0,200.0,0.0,1.0,1.0,0.11,200.0,2.0,0.010000799999999999,5.0,20000.0,1.0,2.0,200.0,1.0,0.0,4.6000000000000005,4096.0,2304.0,4.6000000000000005,20000.0,100.0,2.0,200.0,0.0,100.0,1.0,1.0,0.0104184,95.98402825769793,7.2e-06,0.638888888888889,1.0,0.1,1.0,1.0,3.0,1.0,0.0,2.0,0.0009999999999999998,2.0,0.0,2.0,1.0,2.0,256.0,51248.0,916.0,2.0,1.0,-20.0,2308.0,100.0,2.0,792.0,100.0,2.0,5.0,0.0,3.0,0.0004104,2.88e-05,0.0,0.010432799999999999,0.00042479999999999997,1.0,2.0,0.0,3.0,1.0,2.0,2.0,1.0,b'IMAGE',b'IMAGE_GRAYSCALE',b'1.2',0,Orca_Camera,False,tweez,0.09,1.5,0.432,15,True,74.94,24,110,True,False,73.7,74.6,20,0.5,10,40,10,10,0.09,0.377,0.43,0.9,35,Z:\Experiments\Sr\Selection_experiment\2024\10\23\0043\2024-10-23_0043_Selection_experiment_161.h5,abs,basler_abs,orca,2.5,0.1,209,28,F:\Experiments\Sr\Selection_experiment\2024\10\23\0043\2024-10-23_0043_Selection_experiment_161.h5,False,True,340,340,Selection_experiment.py,150,True,True,True,1,189,1.0,26.5,30,161,0,2024-10-23 19:04:59.211502+02:00,2024-10-23 18:58:06+02:00,43,75.455,100,True,170,28,True
60,19.7,1,1,1,137.0,191.0,81.0,25.328125,30.8125,16.078125,23.7,162.1,197.2,102.9,588.0017,1102.4648,434.3845,False,60.0,1,0.5,80,28,108,20.0,114,29,114,28,False,73.9,25,100,100,300,73.02,100.1,1.0,16.0,20000.0,2.0,200.0,0.0,1.0,1.0,0.11,200.0,2.0,0.0600048,5.0,20000.0,1.0,2.0,200.0,1.0,0.0,4.6000000000000005,4096.0,2304.0,4.6000000000000005,20000.0,100.0,2.0,200.0,0.0,100.0,1.0,1.0,0.060422399999999994,16.550153585425274,7.2e-06,0.638888888888889,1.0,0.1,1.0,1.0,3.0,1.0,0.0,2.0,0.0009999999999999998,2.0,0.0,2.0,1.0,2.0,256.0,51248.0,916.0,2.0,1.0,-20.0,2308.0,100.0,2.0,792.0,100.0,2.0,5.0,0.0,3.0,0.0004104,2.88e-05,0.0,0.06043679999999999,0.00042479999999999997,1.0,2.0,0.0,3.0,1.0,2.0,2.0,1.0,b'IMAGE',b'IMAGE_GRAYSCALE',b'1.2',0,Orca_Camera,False,tweez,0.09,1.5,0.432,15,True,74.94,24,110,True,False,73.7,74.6,20,0.5,10,40,10,10,0.09,0.377,0.43,0.9,35,Z:\Experiments\Sr\Selection_experiment\2024\10\23\0043\2024-10-23_0043_Selection_experiment_162.h5,abs,basler_abs,orca,2.5,0.1,209,28,F:\Experiments\Sr\Selection_experiment\2024\10\23\0043\2024-10-23_0043_Selection_experiment_162.h5,False,True,340,340,Selection_experiment.py,150,True,True,True,1,189,1.0,26.5,30,162,0,2024-10-23 19:05:01.486704+02:00,2024-10-23 18:58:06+02:00,43,75.455,100,True,170,28,True
60,19.7,1,1,1,188.0,199.0,71.0,43.921875,40.203125,17.65625,25.9,281.1,257.3,113.0,1735.447,1967.5056,388.25684,False,110.0,1,0.5,80,28,108,20.0,114,29,114,28,False,73.9,25,100,100,300,73.02,100.1,1.0,16.0,20000.0,2.0,200.0,0.0,1.0,1.0,0.11,200.0,2.0,0.11000159999999999,5.0,20000.0,1.0,2.0,200.0,1.0,0.0,4.6000000000000005,4096.0,2304.0,4.6000000000000005,20000.0,100.0,2.0,200.0,0.0,100.0,1.0,1.0,0.1104192,9.056395989103345,7.2e-06,0.638888888888889,1.0,0.1,1.0,1.0,3.0,1.0,0.0,2.0,0.0009999999999999998,2.0,0.0,2.0,1.0,2.0,256.0,51248.0,916.0,2.0,1.0,-20.0,2308.0,100.0,2.0,792.0,100.0,2.0,5.0,0.0,3.0,0.0004104,2.88e-05,0.0,0.11043359999999999,0.00042479999999999997,1.0,2.0,0.0,3.0,1.0,2.0,2.0,1.0,b'IMAGE',b'IMAGE_GRAYSCALE',b'1.2',0,Orca_Camera,False,tweez,0.09,1.5,0.432,15,True,74.94,24,110,True,False,73.7,74.6,20,0.5,10,40,10,10,0.09,0.377,0.43,0.9,35,Z:\Experiments\Sr\Selection_experiment\2024\10\23\0043\2024-10-23_0043_Selection_experiment_163.h5,abs,basler_abs,orca,2.5,0.1,209,28,F:\Experiments\Sr\Selection_experiment\2024\10\23\0043\2024-10-23_0043_Selection_experiment_163.h5,False,True,340,340,Selection_experiment.py,150,True,True,True,1,189,1.0,26.5,30,163,0,2024-10-23 19:05:03.751204+02:00,2024-10-23 18:58:06+02:00,43,75.455,100,True,170,28,True
60,19.7,1,1,1,219.0,214.0,136.0,45.9375,48.703125,25.234375,26.2,294.0,311.7,161.5,1984.1836,2392.0212,804.14813,False,160.0,1,0.5,80,28,108,20.0,114,29,114,28,False,73.9,25,100,100,300,73.02,100.1,1.0,16.0,20000.0,2.0,200.0,0.0,1.0,1.0,0.11,200.0,2.0,0.1600056,5.0,20000.0,1.0,2.0,200.0,1.0,0.0,4.6000000000000005,4096.0,2304.0,4.6000000000000005,20000.0,100.0,2.0,200.0,0.0,100.0,1.0,1.0,0.1604232,6.233512359808308,7.2e-06,0.638888888888889,1.0,0.1,1.0,1.0,3.0,1.0,0.0,2.0,0.0009999999999999998,2.0,0.0,2.0,1.0,2.0,256.0,51248.0,916.0,2.0,1.0,-20.0,2308.0,100.0,2.0,792.0,100.0,2.0,5.0,0.0,3.0,0.0004104,2.88e-05,0.0,0.16043759999999999,0.00042479999999999997,1.0,2.0,0.0,3.0,1.0,2.0,2.0,1.0,b'IMAGE',b'IMAGE_GRAYSCALE',b'1.2',0,Orca_Camera,False,tweez,0.09,1.5,0.432,15,True,74.94,24,110,True,False,73.7,74.6,20,0.5,10,40,10,10,0.09,0.377,0.43,0.9,35,Z:\Experiments\Sr\Selection_experiment\2024\10\23\0043\2024-10-23_0043_Selection_experiment_164.h5,abs,basler_abs,orca,2.5,0.1,209,28,F:\Experiments\Sr\Selection_experiment\2024\10\23\0043\2024-10-23_0043_Selection_experiment_164.h5,False,True,340,340,Selection_experiment.py,150,True,True,True,1,189,1.0,26.5,30,164,0,2024-10-23 19:05:06.041076+02:00,2024-10-23 18:58:06+02:00,43,75.455,100,True,170,28,True
60,19.7,1,1,1,176.0,272.0,118.0,40.421875,57.734375,27.859375,27.8,258.7,369.5,178.3,1431.2751,3344.0073,658.1521,False,210.0,1,0.5,80,28,108,20.0,114,29,114,28,False,73.9,25,100,100,300,73.02,100.1,1.0,16.0,20000.0,2.0,200.0,0.0,1.0,1.0,0.11,200.0,2.0,0.21000239999999998,5.0,20000.0,1.0,2.0,200.0,1.0,0.0,4.6000000000000005,4096.0,2304.0,4.6000000000000005,20000.0,100.0,2.0,200.0,0.0,100.0,1.0,1.0,0.21042,4.7523999619808,7.2e-06,0.638888888888889,1.0,0.1,1.0,1.0,3.0,1.0,0.0,2.0,0.0009999999999999998,2.0,0.0,2.0,1.0,2.0,256.0,51248.0,916.0,2.0,1.0,-20.0,2308.0,100.0,2.0,792.0,100.0,2.0,5.0,0.0,3.0,0.0004104,2.88e-05,0.0,0.2104344,0.00042479999999999997,1.0,2.0,0.0,3.0,1.0,2.0,2.0,1.0,b'IMAGE',b'IMAGE_GRAYSCALE',b'1.2',0,Orca_Camera,False,tweez,0.09,1.5,0.432,15,True,74.94,24,110,True,False,73.7,74.6,20,0.5,10,40,10,10,0.09,0.377,0.43,0.9,35,Z:\Experiments\Sr\Selection_experiment\2024\10\23\0043\2024-10-23_0043_Selection_experiment_165.h5,abs,basler_abs,orca,2.5,0.1,209,28,F:\Experiments\Sr\Selection_experiment\2024\10\23\0043\2024-10-23_0043_Selection_experiment_165.h5,False,True,340,340,Selection_experiment.py,150,True,True,True,1,189,1.0,26.5,30,165,0,2024-10-23 19:05:08.345570+02:00,2024-10-23 18:58:06+02:00,43,75.455,100,True,170,28,True
60,19.7,1,1,1,238.0,192.0,118.0,47.015625,41.828125,26.28125,40.5,300.9,267.7,168.2,1757.1715,1995.7985,672.2959,False,260.0,1,0.5,80,28,108,20.0,114,29,114,28,False,73.9,25,100,100,300,73.02,100.1,1.0,16.0,20000.0,2.0,200.0,0.0,1.0,1.0,0.11,200.0,2.0,0.26000639999999997,5.0,20000.0,1.0,2.0,200.0,1.0,0.0,4.6000000000000005,4096.0,2304.0,4.6000000000000005,20000.0,100.0,2.0,200.0,0.0,100.0,1.0,1.0,0.260424,3.8398918686449792,7.2e-06,0.638888888888889,1.0,0.1,1.0,1.0,3.0,1.0,0.0,2.0,0.0009999999999999998,2.0,0.0,2.0,1.0,2.0,256.0,51248.0,916.0,2.0,1.0,-20.0,2308.0,100.0,2.0,792.0,100.0,2.0,5.0,0.0,3.0,0.0004104,2.88e-05,0.0,0.2604384,0.00042479999999999997,1.0,2.0,0.0,3.0,1.0,2.0,2.0,1.0,b'IMAGE',b'IMAGE_GRAYSCALE',b'1.2',0,Orca_Camera,False,tweez,0.09,1.5,0.432,15,True,74.94,24,110,True,False,73.7,74.6,20,0.5,10,40,10,10,0.09,0.377,0.43,0.9,35,Z:\Experiments\Sr\Selection_experiment\2024\10\23\0043\2024-10-23_0043_Selection_experiment_166.h5,abs,basler_abs,orca,2.5,0.1,209,28,F:\Experiments\Sr\Selection_experiment\2024\10\23\0043\2024-10-23_0043_Selection_experiment_166.h5,False,True,340,340,Selection_experiment.py,150,True,True,True,1,189,1.0,26.5,30,166,0,2024-10-23 19:05:11.162016+02:00,2024-10-23 18:58:06+02:00,43,75.455,100,True,170,28,True
60,19.7,1,1,1,180.0,311.0,86.0,45.3125,58.34375,22.984375,38.1,290.0,373.4,147.1,1574.2773,3465.4756,550.0779,False,310.0,1,0.5,80,28,108,20.0,114,29,114,28,False,73.9,25,100,100,300,73.02,100.1,1.0,16.0,20000.0,2.0,200.0,0.0,1.0,1.0,0.11,200.0,2.0,0.3100032,5.0,20000.0,1.0,2.0,200.0,1.0,0.0,4.6000000000000005,4096.0,2304.0,4.6000000000000005,20000.0,100.0,2.0,200.0,0.0,100.0,1.0,1.0,0.3104208,3.2214336152732033,7.2e-06,0.638888888888889,1.0,0.1,1.0,1.0,3.0,1.0,0.0,2.0,0.0009999999999999998,2.0,0.0,2.0,1.0,2.0,256.0,51248.0,916.0,2.0,1.0,-20.0,2308.0,100.0,2.0,792.0,100.0,2.0,5.0,0.0,3.0,0.0004104,2.88e-05,0.0,0.3104352,0.00042479999999999997,1.0,2.0,0.0,3.0,1.0,2.0,2.0,1.0,b'IMAGE',b'IMAGE_GRAYSCALE',b'1.2',0,Orca_Camera,False,tweez,0.09,1.5,0.432,15,True,74.94,24,110,True,False,73.7,74.6,20,0.5,10,40,10,10,0.09,0.377,0.43,0.9,35,Z:\Experiments\Sr\Selection_experiment\2024\10\23\0043\2024-10-23_0043_Selection_experiment_167.h5,abs,basler_abs,orca,2.5,0.1,209,28,F:\Experiments\Sr\Selection_experiment\2024\10\23\0043\2024-10-23_0043_Selection_experiment_167.h5,False,True,340,340,Selection_experiment.py,150,True,True,True,1,189,1.0,26.5,30,167,0,2024-10-23 19:05:13.946633+02:00,2024-10-23 18:58:06+02:00,43,75.455,100,True,170,28,True
60,19.7,1,1,0,42.0,57.0,48.0,8.53125,11.015625,5.203125,18.6,54.6,70.5,33.3,114.53027,192.54663,104.630615,False,10.0,1,0.5,80,28,108,22.0,114,29,114,28,False,73.9,25,100,100,300,73.02,100.1,1.0,16.0,20000.0,2.0,200.0,0.0,1.0,1.0,0.11,200.0,2.0,0.010000799999999999,5.0,20000.0,1.0,2.0,200.0,1.0,0.0,4.6000000000000005,4096.0,2304.0,4.6000000000000005,20000.0,100.0,2.0,200.0,0.0,100.0,1.0,1.0,0.0104184,95.98402825769793,7.2e-06,0.638888888888889,1.0,0.1,1.0,1.0,3.0,1.0,0.0,2.0,0.0009999999999999998,2.0,0.0,2.0,1.0,2.0,256.0,51248.0,916.0,2.0,1.0,-20.0,2308.0,100.0,2.0,792.0,100.0,2.0,5.0,0.0,3.0,0.0004104,2.88e-05,0.0,0.010432799999999999,0.00042479999999999997,1.0,2.0,0.0,3.0,1.0,2.0,2.0,1.0,b'IMAGE',b'IMAGE_GRAYSCALE',b'1.2',0,Orca_Camera,False,tweez,0.09,1.5,0.432,15,True,74.94,24,110,True,False,73.7,74.6,20,0.5,10,40,10,10,0.09,0.377,0.43,0.9,35,Z:\Experiments\Sr\Selection_experiment\2024\10\23\0043\2024-10-23_0043_Selection_experiment_168.h5,abs,basler_abs,orca,2.5,0.1,209,28,F:\Experiments\Sr\Selection_experiment\2024\10\23\0043\2024-10-23_0043_Selection_experiment_168.h5,False,True,340,340,Selection_experiment.py,150,True,True,True,1,189,1.0,26.5,30,168,0,2024-10-23 19:05:16.697666+02:00,2024-10-23 18:58:06+02:00,43,75.455,100,True,170,28,True
60,19.7,1,1,1,174.0,229.0,90.0,34.953125,43.09375,20.578125,21.8,223.7,275.8,131.7,1610.5758,1776.6161,580.4001,False,60.0,1,0.5,80,28,108,22.0,114,29,114,28,False,73.9,25,100,100,300,73.02,100.1,1.0,16.0,20000.0,2.0,200.0,0.0,1.0,1.0,0.11,200.0,2.0,0.0600048,5.0,20000.0,1.0,2.0,200.0,1.0,0.0,4.6000000000000005,4096.0,2304.0,4.6000000000000005,20000.0,100.0,2.0,200.0,0.0,100.0,1.0,1.0,0.060422399999999994,16.550153585425274,7.2e-06,0.638888888888889,1.0,0.1,1.0,1.0,3.0,1.0,0.0,2.0,0.0009999999999999998,2.0,0.0,2.0,1.0,2.0,256.0,51248.0,916.0,2.0,1.0,-20.0,2308.0,100.0,2.0,792.0,100.0,2.0,5.0,0.0,3.0,0.0004104,2.88e-05,0.0,0.06043679999999999,0.00042479999999999997,1.0,2.0,0.0,3.0,1.0,2.0,2.0,1.0,b'IMAGE',b'IMAGE_GRAYSCALE',b'1.2',0,Orca_Camera,False,tweez,0.09,1.5,0.432,15,True,74.94,24,110,True,False,73.7,74.6,20,0.5,10,40,10,10,0.09,0.377,0.43,0.9,35,Z:\Experiments\Sr\Selection_experiment\2024\10\23\0043\2024-10-23_0043_Selection_experiment_169.h5,abs,basler_abs,orca,2.5,0.1,209,28,F:\Experiments\Sr\Selection_experiment\2024\10\23\0043\2024-10-23_0043_Selection_experiment_169.h5,False,True,340,340,Selection_experiment.py,150,True,True,True,1,189,1.0,26.5,30,169,0,2024-10-23 19:05:18.976580+02:00,2024-10-23 18:58:06+02:00,43,75.455,100,True,170,28,True
60,19.7,1,1,1,213.0,211.0,99.0,48.078125,37.109375,18.5,27.8,307.7,237.5,118.4,2576.3533,1645.1285,366.9375,False,110.0,1,0.5,80,28,108,22.0,114,29,114,28,False,73.9,25,100,100,300,73.02,100.1,1.0,16.0,20000.0,2.0,200.0,0.0,1.0,1.0,0.11,200.0,2.0,0.11000159999999999,5.0,20000.0,1.0,2.0,200.0,1.0,0.0,4.6000000000000005,4096.0,2304.0,4.6000000000000005,20000.0,100.0,2.0,200.0,0.0,100.0,1.0,1.0,0.1104192,9.056395989103345,7.2e-06,0.638888888888889,1.0,0.1,1.0,1.0,3.0,1.0,0.0,2.0,0.0009999999999999998,2.0,0.0,2.0,1.0,2.0,256.0,51248.0,916.0,2.0,1.0,-20.0,2308.0,100.0,2.0,792.0,100.0,2.0,5.0,0.0,3.0,0.0004104,2.88e-05,0.0,0.11043359999999999,0.00042479999999999997,1.0,2.0,0.0,3.0,1.0,2.0,2.0,1.0,b'IMAGE',b'IMAGE_GRAYSCALE',b'1.2',0,Orca_Camera,False,tweez,0.09,1.5,0.432,15,True,74.94,24,110,True,False,73.7,74.6,20,0.5,10,40,10,10,0.09,0.377,0.43,0.9,35,Z:\Experiments\Sr\Selection_experiment\2024\10\23\0043\2024-10-23_0043_Selection_experiment_170.h5,abs,basler_abs,orca,2.5,0.1,209,28,F:\Experiments\Sr\Selection_experiment\2024\10\23\0043\2024-10-23_0043_Selection_experiment_170.h5,False,True,340,340,Selection_experiment.py,150,True,True,True,1,189,1.0,26.5,30,170,0,2024-10-23 19:05:21.298685+02:00,2024-10-23 18:58:06+02:00,43,75.455,100,True,170,28,True
60,19.7,1,1,1,216.0,184.0,112.0,58.984375,43.65625,24.0625,31.5,377.5,279.4,154.0,3015.7026,2091.0068,620.40234,False,160.0,1,0.5,80,28,108,22.0,114,29,114,28,False,73.9,25,100,100,300,73.02,100.1,1.0,16.0,20000.0,2.0,200.0,0.0,1.0,1.0,0.11,200.0,2.0,0.1600056,5.0,20000.0,1.0,2.0,200.0,1.0,0.0,4.6000000000000005,4096.0,2304.0,4.6000000000000005,20000.0,100.0,2.0,200.0,0.0,100.0,1.0,1.0,0.1604232,6.233512359808308,7.2e-06,0.638888888888889,1.0,0.1,1.0,1.0,3.0,1.0,0.0,2.0,0.0009999999999999998,2.0,0.0,2.0,1.0,2.0,256.0,51248.0,916.0,2.0,1.0,-20.0,2308.0,100.0,2.0,792.0,100.0,2.0,5.0,0.0,3.0,0.0004104,2.88e-05,0.0,0.16043759999999999,0.00042479999999999997,1.0,2.0,0.0,3.0,1.0,2.0,2.0,1.0,b'IMAGE',b'IMAGE_GRAYSCALE',b'1.2',0,Orca_Camera,False,tweez,0.09,1.5,0.432,15,True,74.94,24,110,True,False,73.7,74.6,20,0.5,10,40,10,10,0.09,0.377,0.43,0.9,35,Z:\Experiments\Sr\Selection_experiment\2024\10\23\0043\2024-10-23_0043_Selection_experiment_171.h5,abs,basler_abs,orca,2.5,0.1,209,28,F:\Experiments\Sr\Selection_experiment\2024\10\23\0043\2024-10-23_0043_Selection_experiment_171.h5,False,True,340,340,Selection_experiment.py,150,True,True,True,1,189,1.0,26.5,30,171,0,2024-10-23 19:05:23.538336+02:00,2024-10-23 18:58:06+02:00,43,75.455,100,True,170,28,True
60,19.7,1,1,1,124.0,264.0,137.0,42.90625,53.34375,25.90625,34.3,274.6,341.4,165.8,1161.7725,3713.5378,706.9599,False,210.0,1,0.5,80,28,108,22.0,114,29,114,28,False,73.9,25,100,100,300,73.02,100.1,1.0,16.0,20000.0,2.0,200.0,0.0,1.0,1.0,0.11,200.0,2.0,0.21000239999999998,5.0,20000.0,1.0,2.0,200.0,1.0,0.0,4.6000000000000005,4096.0,2304.0,4.6000000000000005,20000.0,100.0,2.0,200.0,0.0,100.0,1.0,1.0,0.21042,4.7523999619808,7.2e-06,0.638888888888889,1.0,0.1,1.0,1.0,3.0,1.0,0.0,2.0,0.0009999999999999998,2.0,0.0,2.0,1.0,2.0,256.0,51248.0,916.0,2.0,1.0,-20.0,2308.0,100.0,2.0,792.0,100.0,2.0,5.0,0.0,3.0,0.0004104,2.88e-05,0.0,0.2104344,0.00042479999999999997,1.0,2.0,0.0,3.0,1.0,2.0,2.0,1.0,b'IMAGE',b'IMAGE_GRAYSCALE',b'1.2',0,Orca_Camera,False,tweez,0.09,1.5,0.432,15,True,74.94,24,110,True,False,73.7,74.6,20,0.5,10,40,10,10,0.09,0.377,0.43,0.9,35,Z:\Experiments\Sr\Selection_experiment\2024\10\23\0043\2024-10-23_0043_Selection_experiment_172.h5,abs,basler_abs,orca,2.5,0.1,209,28,F:\Experiments\Sr\Selection_experiment\2024\10\23\0043\2024-10-23_0043_Selection_experiment_172.h5,False,True,340,340,Selection_experiment.py,150,True,True,True,1,189,1.0,26.5,30,172,0,2024-10-23 19:05:25.905441+02:00,2024-10-23 18:58:06+02:00,43,75.455,100,True,170,28,True
60,19.7,1,1,1,185.0,282.0,62.0,43.796875,57.125,21.5625,35.1,280.3,365.6,138.0,1768.6931,3215.6719,306.4961,False,260.0,1,0.5,80,28,108,22.0,114,29,114,28,False,73.9,25,100,100,300,73.02,100.1,1.0,16.0,20000.0,2.0,200.0,0.0,1.0,1.0,0.11,200.0,2.0,0.26000639999999997,5.0,20000.0,1.0,2.0,200.0,1.0,0.0,4.6000000000000005,4096.0,2304.0,4.6000000000000005,20000.0,100.0,2.0,200.0,0.0,100.0,1.0,1.0,0.260424,3.8398918686449792,7.2e-06,0.638888888888889,1.0,0.1,1.0,1.0,3.0,1.0,0.0,2.0,0.0009999999999999998,2.0,0.0,2.0,1.0,2.0,256.0,51248.0,916.0,2.0,1.0,-20.0,2308.0,100.0,2.0,792.0,100.0,2.0,5.0,0.0,3.0,0.0004104,2.88e-05,0.0,0.2604384,0.00042479999999999997,1.0,2.0,0.0,3.0,1.0,2.0,2.0,1.0,b'IMAGE',b'IMAGE_GRAYSCALE',b'1.2',0,Orca_Camera,False,tweez,0.09,1.5,0.432,15,True,74.94,24,110,True,False,73.7,74.6,20,0.5,10,40,10,10,0.09,0.377,0.43,0.9,35,Z:\Experiments\Sr\Selection_experiment\2024\10\23\0043\2024-10-23_0043_Selection_experiment_173.h5,abs,basler_abs,orca,2.5,0.1,209,28,F:\Experiments\Sr\Selection_experiment\2024\10\23\0043\2024-10-23_0043_Selection_experiment_173.h5,False,True,340,340,Selection_experiment.py,150,True,True,True,1,189,1.0,26.5,30,173,0,2024-10-23 19:05:28.701251+02:00,2024-10-23 18:58:06+02:00,43,75.455,100,True,170,28,True
60,19.7,1,1,1,241.0,265.0,90.0,52.96875,53.984375,22.140625,37.9,339.0,345.5,141.7,3096.155,2268.609,418.9021,False,310.0,1,0.5,80,28,108,22.0,114,29,114,28,False,73.9,25,100,100,300,73.02,100.1,1.0,16.0,20000.0,2.0,200.0,0.0,1.0,1.0,0.11,200.0,2.0,0.3100032,5.0,20000.0,1.0,2.0,200.0,1.0,0.0,4.6000000000000005,4096.0,2304.0,4.6000000000000005,20000.0,100.0,2.0,200.0,0.0,100.0,1.0,1.0,0.3104208,3.2214336152732033,7.2e-06,0.638888888888889,1.0,0.1,1.0,1.0,3.0,1.0,0.0,2.0,0.0009999999999999998,2.0,0.0,2.0,1.0,2.0,256.0,51248.0,916.0,2.0,1.0,-20.0,2308.0,100.0,2.0,792.0,100.0,2.0,5.0,0.0,3.0,0.0004104,2.88e-05,0.0,0.3104352,0.00042479999999999997,1.0,2.0,0.0,3.0,1.0,2.0,2.0,1.0,b'IMAGE',b'IMAGE_GRAYSCALE',b'1.2',0,Orca_Camera,False,tweez,0.09,1.5,0.432,15,True,74.94,24,110,True,False,73.7,74.6,20,0.5,10,40,10,10,0.09,0.377,0.43,0.9,35,Z:\Experiments\Sr\Selection_experiment\2024\10\23\0043\2024-10-23_0043_Selection_experiment_174.h5,abs,basler_abs,orca,2.5,0.1,209,28,F:\Experiments\Sr\Selection_experiment\2024\10\23\0043\2024-10-23_0043_Selection_experiment_174.h5,False,True,340,340,Selection_experiment.py,150,True,True,True,1,189,1.0,26.5,30,174,0,2024-10-23 19:05:31.481664+02:00,2024-10-23 18:58:06+02:00,43,75.455,100,True,170,28,True
60,19.7,1,1,1,71.0,91.0,68.0,17.46875,14.546875,7.640625,24.5,111.8,93.1,48.9,363.49902,298.8728,162.29272,False,10.0,1,0.5,80,28,108,24.0,114,29,114,28,False,73.9,25,100,100,300,73.02,100.1,1.0,16.0,20000.0,2.0,200.0,0.0,1.0,1.0,0.11,200.0,2.0,0.010000799999999999,5.0,20000.0,1.0,2.0,200.0,1.0,0.0,4.6000000000000005,4096.0,2304.0,4.6000000000000005,20000.0,100.0,2.0,200.0,0.0,100.0,1.0,1.0,0.0104184,95.98402825769793,7.2e-06,0.638888888888889,1.0,0.1,1.0,1.0,3.0,1.0,0.0,2.0,0.0009999999999999998,2.0,0.0,2.0,1.0,2.0,256.0,51248.0,916.0,2.0,1.0,-20.0,2308.0,100.0,2.0,792.0,100.0,2.0,5.0,0.0,3.0,0.0004104,2.88e-05,0.0,0.010432799999999999,0.00042479999999999997,1.0,2.0,0.0,3.0,1.0,2.0,2.0,1.0,b'IMAGE',b'IMAGE_GRAYSCALE',b'1.2',0,Orca_Camera,False,tweez,0.09,1.5,0.432,15,True,74.94,24,110,True,False,73.7,74.6,20,0.5,10,40,10,10,0.09,0.377,0.43,0.9,35,Z:\Experiments\Sr\Selection_experiment\2024\10\23\0043\2024-10-23_0043_Selection_experiment_175.h5,abs,basler_abs,orca,2.5,0.1,209,28,F:\Experiments\Sr\Selection_experiment\2024\10\23\0043\2024-10-23_0043_Selection_experiment_175.h5,False,True,340,340,Selection_experiment.py,150,True,True,True,1,189,1.0,26.5,30,175,0,2024-10-23 19:05:34.315389+02:00,2024-10-23 18:58:06+02:00,43,75.455,100,True,170,28,True
60,19.7,1,1,1,192.0,210.0,82.0,44.890625,41.515625,20.8125,18.5,287.3,265.7,133.2,1943.9723,2169.7183,426.7461,False,60.0,1,0.5,80,28,108,24.0,114,29,114,28,False,73.9,25,100,100,300,73.02,100.1,1.0,16.0,20000.0,2.0,200.0,0.0,1.0,1.0,0.11,200.0,2.0,0.0600048,5.0,20000.0,1.0,2.0,200.0,1.0,0.0,4.6000000000000005,4096.0,2304.0,4.6000000000000005,20000.0,100.0,2.0,200.0,0.0,100.0,1.0,1.0,0.060422399999999994,16.550153585425274,7.2e-06,0.638888888888889,1.0,0.1,1.0,1.0,3.0,1.0,0.0,2.0,0.0009999999999999998,2.0,0.0,2.0,1.0,2.0,256.0,51248.0,916.0,2.0,1.0,-20.0,2308.0,100.0,2.0,792.0,100.0,2.0,5.0,0.0,3.0,0.0004104,2.88e-05,0.0,0.06043679999999999,0.00042479999999999997,1.0,2.0,0.0,3.0,1.0,2.0,2.0,1.0,b'IMAGE',b'IMAGE_GRAYSCALE',b'1.2',0,Orca_Camera,False,tweez,0.09,1.5,0.432,15,True,74.94,24,110,True,False,73.7,74.6,20,0.5,10,40,10,10,0.09,0.377,0.43,0.9,35,Z:\Experiments\Sr\Selection_experiment\2024\10\23\0043\2024-10-23_0043_Selection_experiment_176.h5,abs,basler_abs,orca,2.5,0.1,209,28,F:\Experiments\Sr\Selection_experiment\2024\10\23\0043\2024-10-23_0043_Selection_experiment_176.h5,False,True,340,340,Selection_experiment.py,150,True,True,True,1,189,1.0,26.5,30,176,0,2024-10-23 19:05:36.600406+02:00,2024-10-23 18:58:06+02:00,43,75.455,100,True,170,28,True
60,19.7,1,1,1,169.0,304.0,103.0,42.75,44.40625,18.609375,30.8,273.6,284.2,119.1,1335.1875,2438.0225,495.39426,False,110.0,1,0.5,80,28,108,24.0,114,29,114,28,False,73.9,25,100,100,300,73.02,100.1,1.0,16.0,20000.0,2.0,200.0,0.0,1.0,1.0,0.11,200.0,2.0,0.11000159999999999,5.0,20000.0,1.0,2.0,200.0,1.0,0.0,4.6000000000000005,4096.0,2304.0,4.6000000000000005,20000.0,100.0,2.0,200.0,0.0,100.0,1.0,1.0,0.1104192,9.056395989103345,7.2e-06,0.638888888888889,1.0,0.1,1.0,1.0,3.0,1.0,0.0,2.0,0.0009999999999999998,2.0,0.0,2.0,1.0,2.0,256.0,51248.0,916.0,2.0,1.0,-20.0,2308.0,100.0,2.0,792.0,100.0,2.0,5.0,0.0,3.0,0.0004104,2.88e-05,0.0,0.11043359999999999,0.00042479999999999997,1.0,2.0,0.0,3.0,1.0,2.0,2.0,1.0,b'IMAGE',b'IMAGE_GRAYSCALE',b'1.2',0,Orca_Camera,False,tweez,0.09,1.5,0.432,15,True,74.94,24,110,True,False,73.7,74.6,20,0.5,10,40,10,10,0.09,0.377,0.43,0.9,35,Z:\Experiments\Sr\Selection_experiment\2024\10\23\0043\2024-10-23_0043_Selection_experiment_177.h5,abs,basler_abs,orca,2.5,0.1,209,28,F:\Experiments\Sr\Selection_experiment\2024\10\23\0043\2024-10-23_0043_Selection_experiment_177.h5,False,True,340,340,Selection_experiment.py,150,True,True,True,1,189,1.0,26.5,30,177,0,2024-10-23 19:05:38.870948+02:00,2024-10-23 18:58:06+02:00,43,75.455,100,True,170,28,True
60,19.7,1,1,1,193.0,296.0,73.0,45.453125,59.5625,17.53125,31.3,290.9,381.2,112.2,1553.4666,4009.7458,331.78027,False,160.0,1,0.5,80,28,108,24.0,114,29,114,28,False,73.9,25,100,100,300,73.02,100.1,1.0,16.0,20000.0,2.0,200.0,0.0,1.0,1.0,0.11,200.0,2.0,0.1600056,5.0,20000.0,1.0,2.0,200.0,1.0,0.0,4.6000000000000005,4096.0,2304.0,4.6000000000000005,20000.0,100.0,2.0,200.0,0.0,100.0,1.0,1.0,0.1604232,6.233512359808308,7.2e-06,0.638888888888889,1.0,0.1,1.0,1.0,3.0,1.0,0.0,2.0,0.0009999999999999998,2.0,0.0,2.0,1.0,2.0,256.0,51248.0,916.0,2.0,1.0,-20.0,2308.0,100.0,2.0,792.0,100.0,2.0,5.0,0.0,3.0,0.0004104,2.88e-05,0.0,0.16043759999999999,0.00042479999999999997,1.0,2.0,0.0,3.0,1.0,2.0,2.0,1.0,b'IMAGE',b'IMAGE_GRAYSCALE',b'1.2',0,Orca_Camera,False,tweez,0.09,1.5,0.432,15,True,74.94,24,110,True,False,73.7,74.6,20,0.5,10,40,10,10,0.09,0.377,0.43,0.9,35,Z:\Experiments\Sr\Selection_experiment\2024\10\23\0043\2024-10-23_0043_Selection_experiment_178.h5,abs,basler_abs,orca,2.5,0.1,209,28,F:\Experiments\Sr\Selection_experiment\2024\10\23\0043\2024-10-23_0043_Selection_experiment_178.h5,False,True,340,340,Selection_experiment.py,150,True,True,True,1,189,1.0,26.5,30,178,0,2024-10-23 19:05:41.131148+02:00,2024-10-23 18:58:06+02:00,43,75.455,100,True,170,28,True
60,19.7,1,1,1,270.0,202.0,76.0,58.609375,47.15625,19.25,34.2,375.1,301.8,123.2,3353.6758,2225.944,326.0625,False,210.0,1,0.5,80,28,108,24.0,114,29,114,28,False,73.9,25,100,100,300,73.02,100.1,1.0,16.0,20000.0,2.0,200.0,0.0,1.0,1.0,0.11,200.0,2.0,0.21000239999999998,5.0,20000.0,1.0,2.0,200.0,1.0,0.0,4.6000000000000005,4096.0,2304.0,4.6000000000000005,20000.0,100.0,2.0,200.0,0.0,100.0,1.0,1.0,0.21042,4.7523999619808,7.2e-06,0.638888888888889,1.0,0.1,1.0,1.0,3.0,1.0,0.0,2.0,0.0009999999999999998,2.0,0.0,2.0,1.0,2.0,256.0,51248.0,916.0,2.0,1.0,-20.0,2308.0,100.0,2.0,792.0,100.0,2.0,5.0,0.0,3.0,0.0004104,2.88e-05,0.0,0.2104344,0.00042479999999999997,1.0,2.0,0.0,3.0,1.0,2.0,2.0,1.0,b'IMAGE',b'IMAGE_GRAYSCALE',b'1.2',0,Orca_Camera,False,tweez,0.09,1.5,0.432,15,True,74.94,24,110,True,False,73.7,74.6,20,0.5,10,40,10,10,0.09,0.377,0.43,0.9,35,Z:\Experiments\Sr\Selection_experiment\2024\10\23\0043\2024-10-23_0043_Selection_experiment_179.h5,abs,basler_abs,orca,2.5,0.1,209,28,F:\Experiments\Sr\Selection_experiment\2024\10\23\0043\2024-10-23_0043_Selection_experiment_179.h5,False,True,340,340,Selection_experiment.py,150,True,True,True,1,189,1.0,26.5,30,179,0,2024-10-23 19:05:43.429009+02:00,2024-10-23 18:58:06+02:00,43,75.455,100,True,170,28,True
60,19.7,1,1,1,136.0,185.0,81.0,39.03125,42.359375,15.890625,34.4,249.8,271.1,101.7,1225.9678,1552.3864,288.5974,False,260.0,1,0.5,80,28,108,24.0,114,29,114,28,False,73.9,25,100,100,300,73.02,100.1,1.0,16.0,20000.0,2.0,200.0,0.0,1.0,1.0,0.11,200.0,2.0,0.26000639999999997,5.0,20000.0,1.0,2.0,200.0,1.0,0.0,4.6000000000000005,4096.0,2304.0,4.6000000000000005,20000.0,100.0,2.0,200.0,0.0,100.0,1.0,1.0,0.260424,3.8398918686449792,7.2e-06,0.638888888888889,1.0,0.1,1.0,1.0,3.0,1.0,0.0,2.0,0.0009999999999999998,2.0,0.0,2.0,1.0,2.0,256.0,51248.0,916.0,2.0,1.0,-20.0,2308.0,100.0,2.0,792.0,100.0,2.0,5.0,0.0,3.0,0.0004104,2.88e-05,0.0,0.2604384,0.00042479999999999997,1.0,2.0,0.0,3.0,1.0,2.0,2.0,1.0,b'IMAGE',b'IMAGE_GRAYSCALE',b'1.2',0,Orca_Camera,False,tweez,0.09,1.5,0.432,15,True,74.94,24,110,True,False,73.7,74.6,20,0.5,10,40,10,10,0.09,0.377,0.43,0.9,35,Z:\Experiments\Sr\Selection_experiment\2024\10\23\0043\2024-10-23_0043_Selection_experiment_180.h5,abs,basler_abs,orca,2.5,0.1,209,28,F:\Experiments\Sr\Selection_experiment\2024\10\23\0043\2024-10-23_0043_Selection_experiment_180.h5,False,True,340,340,Selection_experiment.py,150,True,True,True,1,189,1.0,26.5,30,180,0,2024-10-23 19:05:46.175108+02:00,2024-10-23 18:58:06+02:00,43,75.455,100,True,170,28,True
60,19.7,1,1,1,212.0,180.0,100.0,51.953125,41.75,24.21875,35.8,332.5,267.2,155.0,1663.7322,1684.875,517.7334,False,310.0,1,0.5,80,28,108,24.0,114,29,114,28,False,73.9,25,100,100,300,73.02,100.1,1.0,16.0,20000.0,2.0,200.0,0.0,1.0,1.0,0.11,200.0,2.0,0.3100032,5.0,20000.0,1.0,2.0,200.0,1.0,0.0,4.6000000000000005,4096.0,2304.0,4.6000000000000005,20000.0,100.0,2.0,200.0,0.0,100.0,1.0,1.0,0.3104208,3.2214336152732033,7.2e-06,0.638888888888889,1.0,0.1,1.0,1.0,3.0,1.0,0.0,2.0,0.0009999999999999998,2.0,0.0,2.0,1.0,2.0,256.0,51248.0,916.0,2.0,1.0,-20.0,2308.0,100.0,2.0,792.0,100.0,2.0,5.0,0.0,3.0,0.0004104,2.88e-05,0.0,0.3104352,0.00042479999999999997,1.0,2.0,0.0,3.0,1.0,2.0,2.0,1.0,b'IMAGE',b'IMAGE_GRAYSCALE',b'1.2',0,Orca_Camera,False,tweez,0.09,1.5,0.432,15,True,74.94,24,110,True,False,73.7,74.6,20,0.5,10,40,10,10,0.09,0.377,0.43,0.9,35,Z:\Experiments\Sr\Selection_experiment\2024\10\23\0043\2024-10-23_0043_Selection_experiment_181.h5,abs,basler_abs,orca,2.5,0.1,209,28,F:\Experiments\Sr\Selection_experiment\2024\10\23\0043\2024-10-23_0043_Selection_experiment_181.h5,False,True,340,340,Selection_experiment.py,150,True,True,True,1,189,1.0,26.5,30,181,0,2024-10-23 19:05:48.908417+02:00,2024-10-23 18:58:06+02:00,43,75.455,100,True,170,28,True
60,19.7,1,1,0,61.0,47.0,33.0,11.96875,10.265625,5.03125,18.0,76.6,65.7,32.2,167.21777,158.57007,67.40527,False,10.0,1,0.5,80,28,108,26.0,114,29,114,28,False,73.9,25,100,100,300,73.02,100.1,1.0,16.0,20000.0,2.0,200.0,0.0,1.0,1.0,0.11,200.0,2.0,0.010000799999999999,5.0,20000.0,1.0,2.0,200.0,1.0,0.0,4.6000000000000005,4096.0,2304.0,4.6000000000000005,20000.0,100.0,2.0,200.0,0.0,100.0,1.0,1.0,0.0104184,95.98402825769793,7.2e-06,0.638888888888889,1.0,0.1,1.0,1.0,3.0,1.0,0.0,2.0,0.0009999999999999998,2.0,0.0,2.0,1.0,2.0,256.0,51248.0,916.0,2.0,1.0,-20.0,2308.0,100.0,2.0,792.0,100.0,2.0,5.0,0.0,3.0,0.0004104,2.88e-05,0.0,0.010432799999999999,0.00042479999999999997,1.0,2.0,0.0,3.0,1.0,2.0,2.0,1.0,b'IMAGE',b'IMAGE_GRAYSCALE',b'1.2',0,Orca_Camera,False,tweez,0.09,1.5,0.432,15,True,74.94,24,110,True,False,73.7,74.6,20,0.5,10,40,10,10,0.09,0.377,0.43,0.9,35,Z:\Experiments\Sr\Selection_experiment\2024\10\23\0043\2024-10-23_0043_Selection_experiment_182.h5,abs,basler_abs,orca,2.5,0.1,209,28,F:\Experiments\Sr\Selection_experiment\2024\10\23\0043\2024-10-23_0043_Selection_experiment_182.h5,False,True,340,340,Selection_experiment.py,150,True,True,True,1,189,1.0,26.5,30,182,0,2024-10-23 19:05:51.671386+02:00,2024-10-23 18:58:06+02:00,43,75.455,100,True,170,28,True
60,19.7,1,1,1,200.0,211.0,84.0,44.890625,41.453125,19.28125,25.9,287.3,265.3,123.4,2070.6597,1840.1853,320.63965,False,60.0,1,0.5,80,28,108,26.0,114,29,114,28,False,73.9,25,100,100,300,73.02,100.1,1.0,16.0,20000.0,2.0,200.0,0.0,1.0,1.0,0.11,200.0,2.0,0.0600048,5.0,20000.0,1.0,2.0,200.0,1.0,0.0,4.6000000000000005,4096.0,2304.0,4.6000000000000005,20000.0,100.0,2.0,200.0,0.0,100.0,1.0,1.0,0.060422399999999994,16.550153585425274,7.2e-06,0.638888888888889,1.0,0.1,1.0,1.0,3.0,1.0,0.0,2.0,0.0009999999999999998,2.0,0.0,2.0,1.0,2.0,256.0,51248.0,916.0,2.0,1.0,-20.0,2308.0,100.0,2.0,792.0,100.0,2.0,5.0,0.0,3.0,0.0004104,2.88e-05,0.0,0.06043679999999999,0.00042479999999999997,1.0,2.0,0.0,3.0,1.0,2.0,2.0,1.0,b'IMAGE',b'IMAGE_GRAYSCALE',b'1.2',0,Orca_Camera,False,tweez,0.09,1.5,0.432,15,True,74.94,24,110,True,False,73.7,74.6,20,0.5,10,40,10,10,0.09,0.377,0.43,0.9,35,Z:\Experiments\Sr\Selection_experiment\2024\10\23\0043\2024-10-23_0043_Selection_experiment_183.h5,abs,basler_abs,orca,2.5,0.1,209,28,F:\Experiments\Sr\Selection_experiment\2024\10\23\0043\2024-10-23_0043_Selection_experiment_183.h5,False,True,340,340,Selection_experiment.py,150,True,True,True,1,189,1.0,26.5,30,183,0,2024-10-23 19:05:53.918181+02:00,2024-10-23 18:58:06+02:00,43,75.455,100,True,170,28,True
60,19.7,1,1,1,183.0,236.0,137.0,47.578125,48.046875,25.296875,27.8,304.5,307.5,161.9,1816.3374,2622.6384,607.77124,False,110.0,1,0.5,80,28,108,26.0,114,29,114,28,False,73.9,25,100,100,300,73.02,100.1,1.0,16.0,20000.0,2.0,200.0,0.0,1.0,1.0,0.11,200.0,2.0,0.11000159999999999,5.0,20000.0,1.0,2.0,200.0,1.0,0.0,4.6000000000000005,4096.0,2304.0,4.6000000000000005,20000.0,100.0,2.0,200.0,0.0,100.0,1.0,1.0,0.1104192,9.056395989103345,7.2e-06,0.638888888888889,1.0,0.1,1.0,1.0,3.0,1.0,0.0,2.0,0.0009999999999999998,2.0,0.0,2.0,1.0,2.0,256.0,51248.0,916.0,2.0,1.0,-20.0,2308.0,100.0,2.0,792.0,100.0,2.0,5.0,0.0,3.0,0.0004104,2.88e-05,0.0,0.11043359999999999,0.00042479999999999997,1.0,2.0,0.0,3.0,1.0,2.0,2.0,1.0,b'IMAGE',b'IMAGE_GRAYSCALE',b'1.2',0,Orca_Camera,False,tweez,0.09,1.5,0.432,15,True,74.94,24,110,True,False,73.7,74.6,20,0.5,10,40,10,10,0.09,0.377,0.43,0.9,35,Z:\Experiments\Sr\Selection_experiment\2024\10\23\0043\2024-10-23_0043_Selection_experiment_184.h5,abs,basler_abs,orca,2.5,0.1,209,28,F:\Experiments\Sr\Selection_experiment\2024\10\23\0043\2024-10-23_0043_Selection_experiment_184.h5,False,True,340,340,Selection_experiment.py,150,True,True,True,1,189,1.0,26.5,30,184,0,2024-10-23 19:05:56.202692+02:00,2024-10-23 18:58:06+02:00,43,75.455,100,True,170,28,True
60,19.7,1,1,1,237.0,139.0,72.0,54.140625,34.1875,19.84375,28.9,346.5,218.8,127.0,2456.9333,1007.7461,345.6631,False,160.0,1,0.5,80,28,108,26.0,114,29,114,28,False,73.9,25,100,100,300,73.02,100.1,1.0,16.0,20000.0,2.0,200.0,0.0,1.0,1.0,0.11,200.0,2.0,0.1600056,5.0,20000.0,1.0,2.0,200.0,1.0,0.0,4.6000000000000005,4096.0,2304.0,4.6000000000000005,20000.0,100.0,2.0,200.0,0.0,100.0,1.0,1.0,0.1604232,6.233512359808308,7.2e-06,0.638888888888889,1.0,0.1,1.0,1.0,3.0,1.0,0.0,2.0,0.0009999999999999998,2.0,0.0,2.0,1.0,2.0,256.0,51248.0,916.0,2.0,1.0,-20.0,2308.0,100.0,2.0,792.0,100.0,2.0,5.0,0.0,3.0,0.0004104,2.88e-05,0.0,0.16043759999999999,0.00042479999999999997,1.0,2.0,0.0,3.0,1.0,2.0,2.0,1.0,b'IMAGE',b'IMAGE_GRAYSCALE',b'1.2',0,Orca_Camera,False,tweez,0.09,1.5,0.432,15,True,74.94,24,110,True,False,73.7,74.6,20,0.5,10,40,10,10,0.09,0.377,0.43,0.9,35,Z:\Experiments\Sr\Selection_experiment\2024\10\23\0043\2024-10-23_0043_Selection_experiment_185.h5,abs,basler_abs,orca,2.5,0.1,209,28,F:\Experiments\Sr\Selection_experiment\2024\10\23\0043\2024-10-23_0043_Selection_experiment_185.h5,False,True,340,340,Selection_experiment.py,150,True,True,True,1,189,1.0,26.5,30,185,0,2024-10-23 19:05:58.483970+02:00,2024-10-23 18:58:06+02:00,43,75.455,100,True,170,28,True
60,19.7,1,1,1,166.0,241.0,159.0,42.109375,46.9375,23.953125,30.7,269.5,300.4,153.3,1031.3787,2307.5586,637.6072,False,210.0,1,0.5,80,28,108,26.0,114,29,114,28,False,73.9,25,100,100,300,73.02,100.1,1.0,16.0,20000.0,2.0,200.0,0.0,1.0,1.0,0.11,200.0,2.0,0.21000239999999998,5.0,20000.0,1.0,2.0,200.0,1.0,0.0,4.6000000000000005,4096.0,2304.0,4.6000000000000005,20000.0,100.0,2.0,200.0,0.0,100.0,1.0,1.0,0.21042,4.7523999619808,7.2e-06,0.638888888888889,1.0,0.1,1.0,1.0,3.0,1.0,0.0,2.0,0.0009999999999999998,2.0,0.0,2.0,1.0,2.0,256.0,51248.0,916.0,2.0,1.0,-20.0,2308.0,100.0,2.0,792.0,100.0,2.0,5.0,0.0,3.0,0.0004104,2.88e-05,0.0,0.2104344,0.00042479999999999997,1.0,2.0,0.0,3.0,1.0,2.0,2.0,1.0,b'IMAGE',b'IMAGE_GRAYSCALE',b'1.2',0,Orca_Camera,False,tweez,0.09,1.5,0.432,15,True,74.94,24,110,True,False,73.7,74.6,20,0.5,10,40,10,10,0.09,0.377,0.43,0.9,35,Z:\Experiments\Sr\Selection_experiment\2024\10\23\0043\2024-10-23_0043_Selection_experiment_186.h5,abs,basler_abs,orca,2.5,0.1,209,28,F:\Experiments\Sr\Selection_experiment\2024\10\23\0043\2024-10-23_0043_Selection_experiment_186.h5,False,True,340,340,Selection_experiment.py,150,True,True,True,1,189,1.0,26.5,30,186,0,2024-10-23 19:06:00.808655+02:00,2024-10-23 18:58:06+02:00,43,75.455,100,True,170,28,True
60,19.7,1,1,1,176.0,196.0,95.0,38.96875,43.734375,16.09375,35.8,249.4,279.9,103.0,1161.8115,1945.1011,352.9287,False,260.0,1,0.5,80,28,108,26.0,114,29,114,28,False,73.9,25,100,100,300,73.02,100.1,1.0,16.0,20000.0,2.0,200.0,0.0,1.0,1.0,0.11,200.0,2.0,0.26000639999999997,5.0,20000.0,1.0,2.0,200.0,1.0,0.0,4.6000000000000005,4096.0,2304.0,4.6000000000000005,20000.0,100.0,2.0,200.0,0.0,100.0,1.0,1.0,0.260424,3.8398918686449792,7.2e-06,0.638888888888889,1.0,0.1,1.0,1.0,3.0,1.0,0.0,2.0,0.0009999999999999998,2.0,0.0,2.0,1.0,2.0,256.0,51248.0,916.0,2.0,1.0,-20.0,2308.0,100.0,2.0,792.0,100.0,2.0,5.0,0.0,3.0,0.0004104,2.88e-05,0.0,0.2604384,0.00042479999999999997,1.0,2.0,0.0,3.0,1.0,2.0,2.0,1.0,b'IMAGE',b'IMAGE_GRAYSCALE',b'1.2',0,Orca_Camera,False,tweez,0.09,1.5,0.432,15,True,74.94,24,110,True,False,73.7,74.6,20,0.5,10,40,10,10,0.09,0.377,0.43,0.9,35,Z:\Experiments\Sr\Selection_experiment\2024\10\23\0043\2024-10-23_0043_Selection_experiment_187.h5,abs,basler_abs,orca,2.5,0.1,209,28,F:\Experiments\Sr\Selection_experiment\2024\10\23\0043\2024-10-23_0043_Selection_experiment_187.h5,False,True,340,340,Selection_experiment.py,150,True,True,True,1,189,1.0,26.5,30,187,0,2024-10-23 19:06:03.599375+02:00,2024-10-23 18:58:06+02:00,43,75.455,100,True,170,28,True
60,19.7,1,1,1,185.0,309.0,81.0,50.34375,56.515625,23.453125,30.3,322.2,361.7,150.1,2161.7568,3458.2183,352.96655,False,310.0,1,0.5,80,28,108,26.0,114,29,114,28,False,73.9,25,100,100,300,73.02,100.1,1.0,16.0,20000.0,2.0,200.0,0.0,1.0,1.0,0.11,200.0,2.0,0.3100032,5.0,20000.0,1.0,2.0,200.0,1.0,0.0,4.6000000000000005,4096.0,2304.0,4.6000000000000005,20000.0,100.0,2.0,200.0,0.0,100.0,1.0,1.0,0.3104208,3.2214336152732033,7.2e-06,0.638888888888889,1.0,0.1,1.0,1.0,3.0,1.0,0.0,2.0,0.0009999999999999998,2.0,0.0,2.0,1.0,2.0,256.0,51248.0,916.0,2.0,1.0,-20.0,2308.0,100.0,2.0,792.0,100.0,2.0,5.0,0.0,3.0,0.0004104,2.88e-05,0.0,0.3104352,0.00042479999999999997,1.0,2.0,0.0,3.0,1.0,2.0,2.0,1.0,b'IMAGE',b'IMAGE_GRAYSCALE',b'1.2',0,Orca_Camera,False,tweez,0.09,1.5,0.432,15,True,74.94,24,110,True,False,73.7,74.6,20,0.5,10,40,10,10,0.09,0.377,0.43,0.9,35,Z:\Experiments\Sr\Selection_experiment\2024\10\23\0043\2024-10-23_0043_Selection_experiment_188.h5,abs,basler_abs,orca,2.5,0.1,209,28,F:\Experiments\Sr\Selection_experiment\2024\10\23\0043\2024-10-23_0043_Selection_experiment_188.h5,False,True,340,340,Selection_experiment.py,150,True,True,True,1,189,1.0,26.5,30,188,0,2024-10-23 19:06:06.390708+02:00,2024-10-23 18:58:06+02:00,43,75.455,100,True,170,28,True
